"model_id","model_name","industry","model_category","file_num","create_time","update_time"
"8705","捕虾船船头设计","航运交通","工业可视化模型","1","2026-08-26","2026-08-26"
"8704","Kitbash3D吊机起重机","水利水电","工业可视化模型","1","2026-08-23","2026-08-23"
"8701","水电站主机厂","水利水电","工业可视化模型","1","2026-08-22","2026-08-24"
"8696","20-Track_Tractor","矿山装备","工业可视化模型","1","2026-08-22","2026-08-22"
"8695","19-Soil_road_Roller","矿山装备","工业可视化模型","1","2026-08-22","2026-08-22"
"8694","18-Road_Roller_Vib_Tandem","矿山装备","工业可视化模型","1","2026-08-22","2026-08-22"
"8693","17-Electric_Rope_Shovel","矿山装备","工业可视化模型","1","2026-08-22","2026-08-22"
"8692","16-Motor_Grader","矿山装备","工业可视化模型","1","2026-08-22","2026-08-22"
"8691","15-Concrete_Mixer","矿山装备","工业可视化模型","1","2026-08-22","2026-08-22"
"8690","14-OffHighway_Truck","矿山装备","工业可视化模型","1","2026-08-22","2026-08-22"
"8689","13-Wheel_Tractor_Scraper","矿山装备","工业可视化模型","1","2026-08-22","2026-08-22"
"8688","12-Track_Drill","矿山装备","工业可视化模型","1","2026-08-22","2026-08-22"
"8687","11-Wheel_Dozer","矿山装备","工业可视化模型","1","2026-08-22","2026-08-22"
"8686","10-Wheel_Loader","矿山装备","工业可视化模型","1","2026-08-22","2026-08-22"
"8685","09-Wheel_Excavator","矿山装备","工业可视化模型","1","2026-08-22","2026-08-22"
"8684","08-Track_loader","矿山装备","工业可视化模型","1","2026-08-22","2026-08-22"
"8683","07-Telehandler","矿山装备","工业可视化模型","1","2026-08-22","2026-08-22"
"8682","06-Track_Excavator","矿山装备","工业可视化模型","1","2026-08-22","2026-08-22"
"8681","05-SkidSteer_Loader","矿山装备","工业可视化模型","1","2026-08-22","2026-08-22"
"8680","04-Compact_Track_Excavator","矿山装备","工业可视化模型","1","2026-08-22","2026-08-22"
"8679","03-Backhoe_Loader","矿山装备","工业可视化模型","1","2026-08-22","2026-08-22"
"8678","02-Asphalt_Paver","航运交通","工业可视化模型","1","2026-08-22","2026-08-22"
"8677","01-Articulated_Dump_Truck","矿山装备","工业可视化模型","1","2026-08-22","2026-08-22"
"7284","进水阀基础","水利水电","工业可视化模型","1","2026-08-18","2026-08-18"
"7281","NWHSJ-TurMainShaft-D1800-000AA","水利水电","工业可视化模型","1","2026-08-18","2026-08-18"
"7280","NWHSJ-TopGuard-D1100-000AA","水利水电","工业可视化模型","1","2026-08-18","2026-08-18"
"7279","NWHSJ-RevHLTRunner-D4500-000AA","水利水电","工业可视化模型","1","2026-08-18","2026-08-18"
"7278","NWHSJ-LowerBracket-D5920-000AA","水利水电","工业可视化模型","1","2026-08-18","2026-08-18"
"7277","NWHSJ-GerMainShaft-D1800-000AA","水利水电","工业可视化模型","1","2026-08-18","2026-08-18"
"7276","NWHSJ-GeneratorPlate-D18500-000AA","水利水电","工业可视化模型","1","2026-08-18","2026-08-18"
"7275","NWHSJ-GStator-D6700-000AA","水利水电","工业可视化模型","1","2026-08-18","2026-08-18"
"7274","NWHSJ-GRotor-D5360-000AA","水利水电","工业可视化模型","1","2026-08-18","2026-08-18"
"7273","球阀","水利水电","工业可视化模型","1","2026-08-18","2026-08-18"
"7272","机组","水利水电","工业可视化模型","1","2026-08-18","2026-08-18"
"7271","单元供水","水利水电","工业可视化模型","1","2026-08-18","2026-08-18"
"7270","Submersible Sewage Pump","水利水电","工业可视化模型","1","2026-08-18","2026-08-18"
"7269","NWHSJ-TurOilFilter-Q9P0.5-000AA","水利水电","工业可视化模型","1","2026-08-18","2026-08-18"
"7268","NWHSJ-OilPump-D50V12P0.33-000AA","水利水电","工业可视化模型","1","2026-08-18","2026-08-18"
"7267","NWHSJ-MPreAirTank-V2P4-000AA_2","水利水电","工业可视化模型","1","2026-08-18","2026-08-18"
"7266","NWHSJ-MPreAirTank-V2P4-000AA","水利水电","工业可视化模型","1","2026-08-18","2026-08-18"
"7265","NWHSJ-MPreAirTank-V12P8-000AA_2","水利水电","工业可视化模型","1","2026-08-18","2026-08-18"
"7264","NWHSJ-MPreAirTank-V12P8-000AA","水利水电","工业可视化模型","1","2026-08-18","2026-08-18"
"7263","NWHSJ-LPreAirTank-V5P0.8-000AA_2","水利水电","工业可视化模型","1","2026-08-18","2026-08-18"
"7262","NWHSJ-LPreAirTank-V5P0.8-000AA","水利水电","工业可视化模型","1","2026-08-18","2026-08-18"
"7261","NWHSJ-HCentrifPump-LCQ335H152-000AA","水利水电","工业可视化模型","1","2026-08-18","2026-08-18"
"7260","NWHSJ-FOilFilter-Q9.6P0.5N3-000AA","水利水电","工业可视化模型","1","2026-08-18","2026-08-18"
"7259","NWHSJ-CeOilTank-V15-000AA","水利水电","工业可视化模型","1","2026-08-18","2026-08-18"
"7258","1#油罐基础","水利水电","工业可视化模型","1","2026-08-18","2026-08-18"
"7257","顶盖装配_MODEL","水利水电","工业可视化模型","1","2026-08-18","2026-08-18"
"7256","透平油系统","水利水电","工业可视化模型","1","2026-08-18","2026-08-18"
"7255","进水球阀装配","水利水电","工业可视化模型","1","2026-08-18","2026-08-18"
"7254","转子支架_2","水利水电","工业可视化模型","1","2026-08-18","2026-08-18"
"7253","磁轭_2","水利水电","工业可视化模型","1","2026-08-18","2026-08-18"
"7252","球阀基础","水利水电","工业可视化模型","1","2026-08-18","2026-08-18"
"7251","水轮机主轴_2","水利水电","工业可视化模型","1","2026-08-18","2026-08-18"
"7250","水轮发电机组","水利水电","工业可视化模型","1","2026-08-18","2026-08-18"
"7249","水泵水轮机-转轮_2","水利水电","工业可视化模型","1","2026-08-18","2026-08-18"
"7248","检修排水系统","水利水电","工业可视化模型","1","2026-08-18","2026-08-18"
"7247","技术供水系统","水利水电","工业可视化模型","1","2026-08-18","2026-08-18"
"7246","发电机顶端_3","水利水电","工业可视化模型","1","2026-08-18","2026-08-18"
"7245","发电机盖板-圆形_2","水利水电","工业可视化模型","1","2026-08-18","2026-08-18"
"7244","发电机主轴_3","水利水电","工业可视化模型","1","2026-08-18","2026-08-18"
"7243","下机架与推力轴承座","水利水电","工业可视化模型","1","2026-08-18","2026-08-18"
"7242","上端轴_2","水利水电","工业可视化模型","1","2026-08-18","2026-08-18"
"7241","上机架_3","水利水电","工业可视化模型","1","2026-08-18","2026-08-18"
"7240","齿轮油泵-18.3Lmin-1.45MPa","水利水电","工业可视化模型","1","2026-08-18","2026-08-18"
"7239","高位油箱_2","水利水电","工业可视化模型","1","2026-08-18","2026-08-18"
"7238","高位油箱","水利水电","工业可视化模型","1","2026-08-18","2026-08-18"
"7237","顶盖装配","水利水电","工业可视化模型","1","2026-08-18","2026-08-18"
"7236","顶盖","水利水电","工业可视化模型","1","2026-08-18","2026-08-18"
"7235","非管道式换气扇","航运交通","工业可视化模型","1","2026-08-18","2026-08-18"
"7234","隔墙换气扇（百叶窗式）","航运交通","工业可视化模型","1","2026-08-18","2026-08-18"
"7233","防爆型冷暖分体空调室外机（左接管）","矿山装备","工业可视化模型","1","2026-08-18","2026-08-18"
"7232","防爆型冷暖分体空调室外机（右接管）","矿山装备","工业可视化模型","1","2026-08-18","2026-08-18"
"7231","防爆型冷暖分体空调室内柜机（右接管）","矿山装备","工业可视化模型","1","2026-08-18","2026-08-18"
"7230","长轴透平泵_3","水利水电","工业可视化模型","1","2026-08-18","2026-08-18"
"7229","长轴透平泵_2","水利水电","工业可视化模型","1","2026-08-18","2026-08-18"
"7228","长轴深井泵_1","水利水电","工业可视化模型","1","2026-08-18","2026-08-18"
"7227","钢支腿油罐","水利水电","工业可视化模型","1","2026-08-18","2026-08-18"
"7226","通风型离心风机箱（双速）_4","航运交通","工业可视化模型","1","2026-08-18","2026-08-18"
"7225","通风型离心风机箱（单速）_1","航运交通","工业可视化模型","1","2026-08-18","2026-08-18"
"7224","透平油滤油机-1000Lh-1","水利水电","工业可视化模型","1","2026-08-18","2026-08-18"
"7223","转子支架","水利水电","工业可视化模型","1","2026-08-18","2026-08-18"
"7222","转子","水利水电","工业可视化模型","1","2026-08-18","2026-08-18"
"7221","精密滤油机","水利水电","工业可视化模型","1","2026-08-18","2026-08-18"
"7220","管道式换气扇（超薄型）","矿山装备","工业可视化模型","1","2026-08-18","2026-08-18"
"7219","管道式换气扇（超卓型）","水利水电","工业可视化模型","1","2026-08-18","2026-08-18"
"7218","管道式换气扇（经济型）","航运交通","工业可视化模型","1","2026-08-18","2026-08-18"
"7217","管道式换气扇（两用型）","水利水电","工业可视化模型","1","2026-08-18","2026-08-18"
"7216","管道式换气扇","航运交通","工业可视化模型","1","2026-08-18","2026-08-18"
"7215","第四代高效节能便拆式立式离心泵","水利水电","工业可视化模型","1","2026-08-18","2026-08-18"
"7214","端吸式卧式离心泵_2","水利水电","工业可视化模型","1","2026-08-18","2026-08-18"
"7213","端吸式卧式离心泵_1","水利水电","工业可视化模型","1","2026-08-18","2026-08-18"
"7212","端吸卧式离心泵_5","水利水电","工业可视化模型","1","2026-08-18","2026-08-18"
"7211","端吸卧式离心泵_4","水利水电","工业可视化模型","1","2026-08-18","2026-08-18"
"7210","端吸卧式离心泵_3","水利水电","工业可视化模型","1","2026-08-18","2026-08-18"
"7209","立柜式空气处理机组-顶出风（左接管）","航运交通","工业可视化模型","1","2026-08-18","2026-08-18"
"7208","立柜式空气处理机组-顶出风（右接管）","航运交通","工业可视化模型","1","2026-08-18","2026-08-18"
"7207","立柜式空气处理机组-侧出风（左接管）","航运交通","工业可视化模型","1","2026-08-18","2026-08-18"
"7206","立柜式空气处理机组-侧出风（右接管）","航运交通","工业可视化模型","1","2026-08-18","2026-08-18"
"7205","立式离心泵_2","水利水电","工业可视化模型","1","2026-08-18","2026-08-18"
"7204","立式离心泵_1","水利水电","工业可视化模型","1","2026-08-18","2026-08-18"
"7203","立式暗装风机盘管机组（左接管）","水利水电","工业可视化模型","1","2026-08-18","2026-08-18"
"7202","立式暗装风机盘管机组（右接管）","水利水电","工业可视化模型","1","2026-08-18","2026-08-18"
"7201","立式明装风机盘管机组（左接管）","水利水电","工业可视化模型","1","2026-08-18","2026-08-18"
"7200","立式明装风机盘管机组（右接管）","航运交通","工业可视化模型","1","2026-08-18","2026-08-18"
"7199","磁轭","水利水电","工业可视化模型","1","2026-08-18","2026-08-18"
"7198","潜水深井泵","水利水电","工业可视化模型","1","2026-08-18","2026-08-18"
"7197","潜水排污泵 _4","水利水电","工业可视化模型","1","2026-08-18","2026-08-18"
"7196","潜水排污泵 _3","水利水电","工业可视化模型","1","2026-08-18","2026-08-18"
"7195","潜水排污泵 _2","水利水电","工业可视化模型","1","2026-08-18","2026-08-18"
"7194","溢油箱","水利水电","工业可视化模型","1","2026-08-18","2026-08-18"
"7193","混流式转轮","水利水电","工业可视化模型","1","2026-08-18","2026-08-18"
"7192","混流式水轮发电机组","水利水电","工业可视化模型","1","2026-08-18","2026-08-18"
"7191","混凝土基础油罐","水利水电","工业可视化模型","1","2026-08-18","2026-08-18"
"7190","深井潜水泵","水利水电","工业可视化模型","1","2026-08-18","2026-08-18"
"7189","消防柜","水利水电","工业可视化模型","1","2026-08-18","2026-08-18"
"7188","消防型离心风机箱（双速）_2","航运交通","工业可视化模型","1","2026-08-18","2026-08-18"
"7187","消防型离心风机箱（单速）_3","航运交通","工业可视化模型","1","2026-08-18","2026-08-18"
"7186","泵 _5","水利水电","工业可视化模型","1","2026-08-18","2026-08-18"
"7185","油雾收集器","水利水电","工业可视化模型","1","2026-08-18","2026-08-18"
"7184","油雾净化器","水利水电","工业可视化模型","1","2026-08-18","2026-08-18"
"7183","油罐-5m³","水利水电","工业可视化模型","1","2026-08-18","2026-08-18"
"7182","油污水处理装置","水利水电","工业可视化模型","1","2026-08-18","2026-08-18"
"7181","水轮机主轴","水利水电","工业可视化模型","1","2026-08-18","2026-08-18"
"7180","水泵水轮机主轴","水利水电","工业可视化模型","1","2026-08-18","2026-08-18"
"7179","水泵水轮机-转轮","水利水电","工业可视化模型","1","2026-08-18","2026-08-18"
"7178","水机标准结构树&整体设备装配-地面厂房混流机_2","水利水电","工业可视化模型","1","2026-08-18","2026-08-18"
"7177","水机标准结构树&整体设备装配-地面厂房混流机","水利水电","工业可视化模型","1","2026-08-18","2026-08-18"
"7176","橱窗换气扇（电动百叶窗型）","航运交通","工业可视化模型","1","2026-08-18","2026-08-18"
"7175","橱窗换气扇","航运交通","工业可视化模型","1","2026-08-18","2026-08-18"
"7174","模块式机房专用空调-顶回下送（小型号）（右接管）","航运交通","工业可视化模型","1","2026-08-18","2026-08-18"
"7173","模块式机房专用空调-顶回下送（大型号）（右接管）","航运交通","工业可视化模型","1","2026-08-18","2026-08-18"
"7172","模块式机房专用空调-前送带风帽（大型号）（右接管）","水利水电","工业可视化模型","1","2026-08-18","2026-08-18"
"7171","模块式机房专用空调-前送带风帽(小型号)（右接管）","航运交通","工业可视化模型","1","2026-08-18","2026-08-18"
"7170","模块式机房专用空调-前回顶送（小型号）（右接管）","航运交通","工业可视化模型","1","2026-08-18","2026-08-18"
"7169","模块式机房专用空调-前回顶送（大型号）（右接管）","航运交通","工业可视化模型","1","2026-08-18","2026-08-18"
"7168","柜式单元空调机-后回风、顶送风（左接管）","航运交通","工业可视化模型","1","2026-08-18","2026-08-18"
"7167","柜式单元空调机-后回风、顶送风（右接管）","航运交通","工业可视化模型","1","2026-08-18","2026-08-18"
"7166","柜式单元空调机-前回风、顶送风（左接管）","航运交通","工业可视化模型","1","2026-08-18","2026-08-18"
"7165","柜式单元空调机-前回风、顶送风（右接管）","航运交通","工业可视化模型","1","2026-08-18","2026-08-18"
"7164","柜式单元空调机-前回风、前出风（左接管）","航运交通","工业可视化模型","1","2026-08-18","2026-08-18"
"7163","柜式单元空调机-前回风、前出风（右接管）","航运交通","工业可视化模型","1","2026-08-18","2026-08-18"
"7162","板换","航运交通","工业可视化模型","1","2026-08-18","2026-08-18"
"7161","板式换热机组","航运交通","工业可视化模型","1","2026-08-18","2026-08-18"
"7160","暖风机","航运交通","工业可视化模型","1","2026-08-18","2026-08-18"
"7159","敞开式换气扇","航运交通","工业可视化模型","1","2026-08-18","2026-08-18"
"7158","推力轴承座","水利水电","工业可视化模型","1","2026-08-18","2026-08-18"
"7157","控制环","水利水电","工业可视化模型","1","2026-08-18","2026-08-18"
"7156","底环","水利水电","工业可视化模型","1","2026-08-18","2026-08-18"
"7155","屋顶式空调机组空气处理部分","航运交通","工业可视化模型","1","2026-08-18","2026-08-18"
"7154","屋顶式空调机组整体式4","航运交通","工业可视化模型","1","2026-08-18","2026-08-18"
"7153","屋顶式空调机组整体式3","水利水电","工业可视化模型","1","2026-08-18","2026-08-18"
"7152","屋顶式空调机组整体式2","航运交通","工业可视化模型","1","2026-08-18","2026-08-18"
"7151","屋顶式空调机组整体式1","矿山装备","工业可视化模型","1","2026-08-18","2026-08-18"
"7150","屋顶式空调机组压缩冷凝部分","航运交通","工业可视化模型","1","2026-08-18","2026-08-18"
"7149","小风量新风处理机（右接管）","航运交通","工业可视化模型","1","2026-08-18","2026-08-18"
"7148","小型风冷机房室外机","航运交通","工业可视化模型","1","2026-08-18","2026-08-18"
"7147","小型风冷机房室内机（左接管）","航运交通","工业可视化模型","1","2026-08-18","2026-08-18"
"7146","小型风冷机房室内机（右接管）","水利水电","工业可视化模型","1","2026-08-18","2026-08-18"
"7145","小型潜水排污泵32WQ(Ⅱ)8-10-0.75 Q=0.8m3_h H=10m _1","水利水电","工业可视化模型","1","2026-08-18","2026-08-18"
"7144","对流式电加热器","矿山装备","工业可视化模型","1","2026-08-18","2026-08-18"
"7143","定子","水利水电","工业可视化模型","1","2026-08-18","2026-08-18"
"7142","大风量新风处理机（右接管）","航运交通","工业可视化模型","1","2026-08-18","2026-08-18"
"7141","多联机空调室外机（独立式）（左接管）","航运交通","工业可视化模型","1","2026-08-18","2026-08-18"
"7140","多联机空调室外机（4台并联）（左接管）","水利水电","工业可视化模型","1","2026-08-18","2026-08-18"
"7139","多联机空调室外机（3台并联）（左接管）","航运交通","工业可视化模型","1","2026-08-18","2026-08-18"
"7138","多联机空调室外机（2台并联）（左接管）","航运交通","工业可视化模型","1","2026-08-18","2026-08-18"
"7137","基础板-车挡埋件_2","水利水电","工业可视化模型","1","2026-08-18","2026-08-18"
"7136","基础板-带四个抓筋_2","水利水电","工业可视化模型","1","2026-08-18","2026-08-18"
"7135","基础板-带四个抓筋","水利水电","工业可视化模型","1","2026-08-18","2026-08-18"
"7134","基础板-带两个抓筋","水利水电","工业可视化模型","1","2026-08-18","2026-08-18"
"7133","四面出风嵌入式（左接管）","矿山装备","工业可视化模型","1","2026-08-18","2026-08-18"
"7132","四面出风嵌入式（右接管）","航运交通","工业可视化模型","1","2026-08-18","2026-08-18"
"7131","四面出风卡式风机盘管机组（左接管）","航运交通","工业可视化模型","1","2026-08-18","2026-08-18"
"7130","四面出风卡式风机盘管机组（右接管）","航运交通","工业可视化模型","1","2026-08-18","2026-08-18"
"7129","吸顶式房间通风器_2","航运交通","工业可视化模型","1","2026-08-18","2026-08-18"
"7128","吸顶式房间通风器","航运交通","工业可视化模型","1","2026-08-18","2026-08-18"
"7127","吊顶柜式空气处理机组（左接管）","航运交通","工业可视化模型","1","2026-08-18","2026-08-18"
"7126","吊顶柜式空气处理机组（右接管）","航运交通","工业可视化模型","1","2026-08-18","2026-08-18"
"7125","吊顶式单元空调机组（左接管）","航运交通","工业可视化模型","1","2026-08-18","2026-08-18"
"7124","吊顶式单元空调机组（右接管）","航运交通","工业可视化模型","1","2026-08-18","2026-08-18"
"7123","变频螺杆式水冷冷水机组","矿山装备","工业可视化模型","1","2026-08-18","2026-08-18"
"7122","变频离心式水冷冷水机组","矿山装备","工业可视化模型","1","2026-08-18","2026-08-18"
"7121","发电机顶端_2","水利水电","工业可视化模型","1","2026-08-18","2026-08-18"
"7120","发电机顶端","水利水电","工业可视化模型","1","2026-08-18","2026-08-18"
"7119","发电机盖板-圆形","水利水电","工业可视化模型","1","2026-08-18","2026-08-18"
"7118","发电机盖板-八角形","水利水电","工业可视化模型","1","2026-08-18","2026-08-18"
"7117","发电机主轴_2","水利水电","工业可视化模型","1","2026-08-18","2026-08-18"
"7116","发电机主轴","水利水电","工业可视化模型","1","2026-08-18","2026-08-18"
"7115","双级高真空滤油机","水利水电","工业可视化模型","1","2026-08-18","2026-08-18"
"7114","双级真空抽气机","水利水电","工业可视化模型","1","2026-08-18","2026-08-18"
"7113","双出风卡式风机盘管机组（左接管）","航运交通","工业可视化模型","1","2026-08-18","2026-08-18"
"7112","双出风卡式风机盘管机组（右接管）","航运交通","工业可视化模型","1","2026-08-18","2026-08-18"
"7111","压力滤油机","水利水电","工业可视化模型","1","2026-08-18","2026-08-18"
"7110","卧柜式空气处理机组（左接管）","航运交通","工业可视化模型","1","2026-08-18","2026-08-18"
"7109","卧柜式空气处理机组（右接管）","航运交通","工业可视化模型","1","2026-08-18","2026-08-18"
"7108","卧式离心泵","水利水电","工业可视化模型","1","2026-08-18","2026-08-18"
"7107","卧式暗装风机盘管机组（左接管）","航运交通","工业可视化模型","1","2026-08-18","2026-08-18"
"7106","卧式暗装风机盘管机组（右接管）_2","航运交通","工业可视化模型","1","2026-08-18","2026-08-18"
"7105","卧式暗装风机盘管机组（右接管）","水利水电","工业可视化模型","1","2026-08-18","2026-08-18"
"7104","卧式明装风机盘管机组（左接管）","航运交通","工业可视化模型","1","2026-08-18","2026-08-18"
"7103","卧式明装风机盘管机组（右接管）","航运交通","工业可视化模型","1","2026-08-18","2026-08-18"
"7102","单级真空滤油机","水利水电","工业可视化模型","1","2026-08-18","2026-08-18"
"7101","单元式空调室外机","航运交通","工业可视化模型","1","2026-08-18","2026-08-18"
"7100","分体管道式换气扇","航运交通","工业可视化模型","1","2026-08-18","2026-08-18"
"7099","冷暖分体空调室外机（左接管）","航运交通","工业可视化模型","1","2026-08-18","2026-08-18"
"7098","冷暖分体空调室外机（右接管）","水利水电","工业可视化模型","1","2026-08-18","2026-08-18"
"7097","冷暖分体空调室内柜机（左接管）","航运交通","工业可视化模型","1","2026-08-18","2026-08-18"
"7096","冷暖分体空调室内柜机（右接管）","航运交通","工业可视化模型","1","2026-08-18","2026-08-18"
"7095","冷暖分体空调室内挂机（轻巧型）（左接管）","航运交通","工业可视化模型","1","2026-08-18","2026-08-18"
"7094","冷暖分体空调室内挂机（轻巧型）（右接管）","航运交通","工业可视化模型","1","2026-08-18","2026-08-18"
"7093","冷暖分体空调室内挂机（谦者型）（左接管）","航运交通","工业可视化模型","1","2026-08-18","2026-08-18"
"7092","全自动反冲洗过滤器2","水利水电","工业可视化模型","1","2026-08-18","2026-08-18"
"7091","全自动反冲洗过滤器1","水利水电","工业可视化模型","1","2026-08-18","2026-08-18"
"7090","侧壁式通风换气扇","航运交通","工业可视化模型","1","2026-08-18","2026-08-18"
"7089","低压空压机","水利水电","工业可视化模型","1","2026-08-18","2026-08-18"
"7088","低压冷干机","水利水电","工业可视化模型","1","2026-08-18","2026-08-18"
"7087","低压储气罐","水利水电","工业可视化模型","1","2026-08-18","2026-08-18"
"7086","中温辐射式加热器","矿山装备","工业可视化模型","1","2026-08-18","2026-08-18"
"7085","中开蜗壳式离心泵（带底座）_2","水利水电","工业可视化模型","1","2026-08-18","2026-08-18"
"7084","中开蜗壳式离心泵 _1","水利水电","工业可视化模型","1","2026-08-18","2026-08-18"
"7083","中开蜗壳式卧式离心泵_4","水利水电","工业可视化模型","1","2026-08-18","2026-08-18"
"7082","中开蜗壳式卧式离心泵 _3","水利水电","工业可视化模型","1","2026-08-18","2026-08-18"
"7081","中压空压机（无底座）","水利水电","工业可视化模型","1","2026-08-18","2026-08-18"
"7080","中压空压机（带底座）","水利水电","工业可视化模型","1","2026-08-18","2026-08-18"
"7079","中压空压机（小生产率）","水利水电","工业可视化模型","1","2026-08-18","2026-08-18"
"7078","中压冷干机","水利水电","工业可视化模型","1","2026-08-18","2026-08-18"
"7077","中压储气罐","水利水电","工业可视化模型","1","2026-08-18","2026-08-18"
"7076","两面出风嵌入式（左接管）","航运交通","工业可视化模型","1","2026-08-18","2026-08-18"
"7075","两面出风嵌入式（右接管）","航运交通","工业可视化模型","1","2026-08-18","2026-08-18"
"7074","下机架","水利水电","工业可视化模型","1","2026-08-18","2026-08-18"
"7073","上端轴","水利水电","工业可视化模型","1","2026-08-18","2026-08-18"
"7072","上机架_2","水利水电","工业可视化模型","1","2026-08-18","2026-08-18"
"7071","上机架","水利水电","工业可视化模型","1","2026-08-18","2026-08-18"
"7070","ZK新回风表冷送风机（左接管）","水利水电","工业可视化模型","1","2026-08-18","2026-08-18"
"7069","ZK新回风表冷送风机（右接管）","航运交通","工业可视化模型","1","2026-08-18","2026-08-18"
"7068","ZK新回风表冷送风机中效送风（左接管）","航运交通","工业可视化模型","1","2026-08-18","2026-08-18"
"7067","ZK新回风表冷送风机中效送风（右接管）","航运交通","工业可视化模型","1","2026-08-18","2026-08-18"
"7066","ZK新回风表冷加热加湿送风机（左接管）","航运交通","工业可视化模型","1","2026-08-18","2026-08-18"
"7065","ZK新回风表冷加热加湿送风机（右接管）","航运交通","工业可视化模型","1","2026-08-18","2026-08-18"
"7064","ZK新回风表冷加热加湿送风机均流消声中效送风（右接管）","航运交通","工业可视化模型","1","2026-08-18","2026-08-18"
"7063","ZK新回风板式过滤表冷挡水电加热风机均流消声送风（左接管）","航运交通","工业可视化模型","1","2026-08-18","2026-08-18"
"7062","ZK新回风板式过滤表冷挡水电加热风机均流消声送风（右接管）","航运交通","工业可视化模型","1","2026-08-18","2026-08-18"
"7061","ZK新回风板式过滤电加热风机均流消声送风（左接管）","航运交通","工业可视化模型","1","2026-08-18","2026-08-18"
"7060","ZK新回风板式过滤电加热风机均流消声送风（右接管）","水利水电","工业可视化模型","1","2026-08-18","2026-08-18"
"7059","ZK回风回风机排风混合表冷加热加湿送风机均流中效送风（左接管）","航运交通","工业可视化模型","1","2026-08-18","2026-08-18"
"7058","ZK回风回风机排风混合表冷加热加湿送风机均流中效送风（右接管）","航运交通","工业可视化模型","1","2026-08-18","2026-08-18"
"7057","T35-11型（管道安装）_3","航运交通","工业可视化模型","1","2026-08-18","2026-08-18"
"7056","T35-11型（标准型）_2","矿山装备","工业可视化模型","1","2026-08-18","2026-08-18"
"7055","T35-11型（壁式安装）_1","航运交通","工业可视化模型","1","2026-08-18","2026-08-18"
"7054","SQGZ6型散热器","水利水电","工业可视化模型","1","2026-08-18","2026-08-18"
"7053","SQGZ3型散热器","航运交通","工业可视化模型","1","2026-08-18","2026-08-18"
"7052","SQGBD扁管对流散热器","航运交通","工业可视化模型","1","2026-08-18","2026-08-18"
"7051","SDS(带消声器)","航运交通","工业可视化模型","1","2026-08-18","2026-08-18"
"7050","SDS(不带消声器)","航运交通","工业可视化模型","1","2026-08-18","2026-08-18"
"7049","RTC-常规型","航运交通","工业可视化模型","1","2026-08-18","2026-08-18"
"7048","RTC-D式","航运交通","工业可视化模型","1","2026-08-18","2026-08-18"
"7047","RTC-C式","航运交通","工业可视化模型","1","2026-08-18","2026-08-18"
"7046","RSA型","航运交通","工业可视化模型","1","2026-08-18","2026-08-18"
"7045","RM-S空气幕","航运交通","工业可视化模型","1","2026-08-18","2026-08-18"
"7044","RM-Q空气幕_2","航运交通","工业可视化模型","1","2026-08-18","2026-08-18"
"7043","RM-Q空气幕","航运交通","工业可视化模型","1","2026-08-18","2026-08-18"
"7042","RM-L-C-D、FM-L-C空气幕","航运交通","工业可视化模型","1","2026-08-18","2026-08-18"
"7041","RM-16L-D-AW暗装卧式机型","矿山装备","工业可视化模型","1","2026-08-18","2026-08-18"
"7040","RM-16L-D-AL暗装立式机型","水利水电","工业可视化模型","1","2026-08-18","2026-08-18"
"7039","RM-16L-D(FM-16L)明装机型","航运交通","工业可视化模型","1","2026-08-18","2026-08-18"
"7038","RM-15L-S暗装立式热水型空气幕","航运交通","工业可视化模型","1","2026-08-18","2026-08-18"
"7037","RM-15L-S暗装卧式热水型空气幕","航运交通","工业可视化模型","1","2026-08-18","2026-08-18"
"7036","RM-15L-S明装热水型空气幕","航运交通","工业可视化模型","1","2026-08-18","2026-08-18"
"7035","RM-15L-Q暗装立式蒸汽型空气幕","航运交通","工业可视化模型","1","2026-08-18","2026-08-18"
"7034","RM-15L-Q暗装卧式蒸汽型空气幕","航运交通","工业可视化模型","1","2026-08-18","2026-08-18"
"7033","RM-15L-Q明装蒸汽型空气幕","航运交通","工业可视化模型","1","2026-08-18","2026-08-18"
"7032","RLM-RLS暗装机型空气幕","水利水电","工业可视化模型","1","2026-08-18","2026-08-18"
"7031","RLM-RLS明装机型空气幕","航运交通","工业可视化模型","1","2026-08-18","2026-08-18"
"7030","QTLF N70×75铜铝复合散热器","航运交通","工业可视化模型","1","2026-08-18","2026-08-18"
"7029","QTLF N120×60铜铝复合散热器","水利水电","工业可视化模型","1","2026-08-18","2026-08-18"
"7028","QGPW型散热器","航运交通","工业可视化模型","1","2026-08-18","2026-08-18"
"7027","NWHSJ-USteelAngle-L50x32x3-000AA","水利水电","工业可视化模型","1","2026-08-18","2026-08-18"
"7026","NWHSJ-USteelAngle-L45x28x4-000AA","水利水电","工业可视化模型","1","2026-08-18","2026-08-18"
"7025","NWHSJ-USteelAngle-L45x28x3-000AA","水利水电","工业可视化模型","1","2026-08-18","2026-08-18"
"7024","NWHSJ-USteelAngle-L40x25x4-000AA","水利水电","工业可视化模型","1","2026-08-18","2026-08-18"
"7023","NWHSJ-USteelAngle-L40x25x3-000AA","水利水电","工业可视化模型","1","2026-08-18","2026-08-18"
"7022","NWHSJ-USteelAngle-L32x20x4-000AA","水利水电","工业可视化模型","1","2026-08-18","2026-08-18"
"7021","NWHSJ-USteelAngle-L32x20x3-000AA","水利水电","工业可视化模型","1","2026-08-18","2026-08-18"
"7020","NWHSJ-USteelAngle-L25x16x4-000AA","水利水电","工业可视化模型","1","2026-08-18","2026-08-18"
"7019","NWHSJ-USteelAngle-L25x16x3-000AA","水利水电","工业可视化模型","1","2026-08-18","2026-08-18"
"7018","NWHSJ-USteel-C8-000AA","水利水电","工业可视化模型","1","2026-08-18","2026-08-18"
"7017","NWHSJ-USteel-C6.5-000AA","水利水电","工业可视化模型","1","2026-08-18","2026-08-18"
"7016","NWHSJ-USteel-C6.3-000AA","水利水电","工业可视化模型","1","2026-08-18","2026-08-18"
"7015","NWHSJ-USteel-C5-000AA","水利水电","工业可视化模型","1","2026-08-18","2026-08-18"
"7014","NWHSJ-USteel-C16b-000AA","水利水电","工业可视化模型","1","2026-08-18","2026-08-18"
"7013","NWHSJ-USteel-C16a-000AA","水利水电","工业可视化模型","1","2026-08-18","2026-08-18"
"7012","NWHSJ-USteel-C14b-000AA","水利水电","工业可视化模型","1","2026-08-18","2026-08-18"
"7011","NWHSJ-USteel-C14a-000AA","水利水电","工业可视化模型","1","2026-08-18","2026-08-18"
"7010","NWHSJ-USteel-C12.6-000AA","水利水电","工业可视化模型","1","2026-08-18","2026-08-18"
"7009","NWHSJ-USteel-C12-000AA","水利水电","工业可视化模型","1","2026-08-18","2026-08-18"
"7008","NWHSJ-USteel-C10-000AA","水利水电","工业可视化模型","1","2026-08-18","2026-08-18"
"7007","NWHSJ-Nut-C41M8-000AA","水利水电","工业可视化模型","1","2026-08-18","2026-08-18"
"7006","NWHSJ-Nut-C41M6-000AA","水利水电","工业可视化模型","1","2026-08-18","2026-08-18"
"7005","NWHSJ-Nut-C41M5-000AA","水利水电","工业可视化模型","1","2026-08-18","2026-08-18"
"7004","NWHSJ-Nut-C41M42-000AA","水利水电","工业可视化模型","1","2026-08-18","2026-08-18"
"7003","NWHSJ-Nut-C41M36-000AA","水利水电","工业可视化模型","1","2026-08-18","2026-08-18"
"7002","NWHSJ-Nut-C41M30-000AA","水利水电","工业可视化模型","1","2026-08-18","2026-08-18"
"7001","NWHSJ-Nut-C41M24-000AA","水利水电","工业可视化模型","1","2026-08-18","2026-08-18"
"7000","NWHSJ-Nut-C41M20-000AA","水利水电","工业可视化模型","1","2026-08-18","2026-08-18"
"6999","NWHSJ-Nut-C41M16-000AA","水利水电","工业可视化模型","1","2026-08-18","2026-08-18"
"6998","NWHSJ-Nut-C41M12-000AA","水利水电","工业可视化模型","1","2026-08-18","2026-08-18"
"6997","NWHSJ-Nut-C41M10-000AA_2","水利水电","工业可视化模型","1","2026-08-18","2026-08-18"
"6996","NWHSJ-Nut-C41M10-000AA","水利水电","工业可视化模型","1","2026-08-18","2026-08-18"
"6995","NWHSJ-ISteel-I22b-000AA","水利水电","工业可视化模型","1","2026-08-18","2026-08-18"
"6994","NWHSJ-ISteel-I22a-000AA","水利水电","工业可视化模型","1","2026-08-18","2026-08-18"
"6993","NWHSJ-ISteel-I20b-000AA","水利水电","工业可视化模型","1","2026-08-18","2026-08-18"
"6992","NWHSJ-ISteel-I20a-000AA","水利水电","工业可视化模型","1","2026-08-18","2026-08-18"
"6991","NWHSJ-ISteel-I18-000AA","水利水电","工业可视化模型","1","2026-08-18","2026-08-18"
"6990","NWHSJ-ISteel-I16-000AA","水利水电","工业可视化模型","1","2026-08-18","2026-08-18"
"6989","NWHSJ-ISteel-I14-000AA","水利水电","工业可视化模型","1","2026-08-18","2026-08-18"
"6988","NWHSJ-ISteel-I12.6-000AA","水利水电","工业可视化模型","1","2026-08-18","2026-08-18"
"6987","NWHSJ-ISteel-I12-000AA","水利水电","工业可视化模型","1","2026-08-18","2026-08-18"
"6986","NWHSJ-ISteel-I10-000AA","水利水电","工业可视化模型","1","2026-08-18","2026-08-18"
"6985","NWHSJ-ESteelAngle-L40x3-000AA","水利水电","工业可视化模型","1","2026-08-18","2026-08-18"
"6984","NWHSJ-ESteelAngle-L36x5-000AA","水利水电","工业可视化模型","1","2026-08-18","2026-08-18"
"6983","NWHSJ-ESteelAngle-L36x4-000AA","水利水电","工业可视化模型","1","2026-08-18","2026-08-18"
"6982","NWHSJ-ESteelAngle-L36x3-000AA","水利水电","工业可视化模型","1","2026-08-18","2026-08-18"
"6981","NWHSJ-ESteelAngle-L30x4-000AA","水利水电","工业可视化模型","1","2026-08-18","2026-08-18"
"6980","NWHSJ-ESteelAngle-L30x3-000AA","水利水电","工业可视化模型","1","2026-08-18","2026-08-18"
"6979","NWHSJ-ESteelAngle-L25x4-000AA","水利水电","工业可视化模型","1","2026-08-18","2026-08-18"
"6978","NWHSJ-ESteelAngle-L25x3-000AA","水利水电","工业可视化模型","1","2026-08-18","2026-08-18"
"6977","NWHSJ-ESteelAngle-L20x4-000AA","水利水电","工业可视化模型","1","2026-08-18","2026-08-18"
"6976","NWHSJ-ESteelAngle-L20x3-000AA","水利水电","工业可视化模型","1","2026-08-18","2026-08-18"
"6975","NWHSJ-Bolt-C5780M12X55-000AA","水利水电","工业可视化模型","1","2026-08-18","2026-08-18"
"6974","NWHSJ-Bolt-C5780M10X90-000AA","水利水电","工业可视化模型","1","2026-08-18","2026-08-18"
"6973","NWHSJ-Bolt-C5780M10X80-000AA","水利水电","工业可视化模型","1","2026-08-18","2026-08-18"
"6972","NWHSJ-Bolt-C5780M10X70-000AA","水利水电","工业可视化模型","1","2026-08-18","2026-08-18"
"6971","NWHSJ-Bolt-C5780M10X65-000AA","水利水电","工业可视化模型","1","2026-08-18","2026-08-18"
"6970","NWHSJ-Bolt-C5780M10X60-000AA","水利水电","工业可视化模型","1","2026-08-18","2026-08-18"
"6969","NWHSJ-Bolt-C5780M10X55-000AA","水利水电","工业可视化模型","1","2026-08-18","2026-08-18"
"6968","NWHSJ-Bolt-C5780M10X50-000AA","水利水电","工业可视化模型","1","2026-08-18","2026-08-18"
"6967","NWHSJ-Bolt-C5780M10X45-000AA","水利水电","工业可视化模型","1","2026-08-18","2026-08-18"
"6966","NWHSJ-Bolt-C5780M10X100-000AA","水利水电","工业可视化模型","1","2026-08-18","2026-08-18"
"6965","JSF-GM（管道型）-双速_14","航运交通","工业可视化模型","1","2026-08-18","2026-08-18"
"6964","JSF-GM（管道型）-单速 _12","航运交通","工业可视化模型","1","2026-08-18","2026-08-18"
"6963","JSF-GM（屋顶型）-双速","航运交通","工业可视化模型","1","2026-08-18","2026-08-18"
"6962","JSF-GM（屋顶型）-单速","航运交通","工业可视化模型","1","2026-08-18","2026-08-18"
"6961","JSF-GH（带消声器）-双速 _16","航运交通","工业可视化模型","1","2026-08-18","2026-08-18"
"6960","JSF-GH（带消声器）-单速_9","航运交通","工业可视化模型","1","2026-08-18","2026-08-18"
"6959","JSF-GH（不带消声器）-双速 _15","航运交通","工业可视化模型","1","2026-08-18","2026-08-18"
"6958","JSF-GH（不带消声器）-单速 _11","航运交通","工业可视化模型","1","2026-08-18","2026-08-18"
"6957","JSF-GA-双速 _13","航运交通","工业可视化模型","1","2026-08-18","2026-08-18"
"6956","JSF-GA-单速 _10","航运交通","工业可视化模型","1","2026-08-18","2026-08-18"
"6955","HTF-常压型-双速_7","航运交通","工业可视化模型","1","2026-08-18","2026-08-18"
"6954","HTF-常压型-单速 _4","航运交通","工业可视化模型","1","2026-08-18","2026-08-18"
"6953","HTF-低压型 _6","航运交通","工业可视化模型","1","2026-08-18","2026-08-18"
"6952","HTF-中压型-双速 _8","航运交通","工业可视化模型","1","2026-08-18","2026-08-18"
"6951","HTF-中压型-单速_5","航运交通","工业可视化模型","1","2026-08-18","2026-08-18"
"6950","HTF-W型（配钢制风帽）-双速","航运交通","工业可视化模型","1","2026-08-18","2026-08-18"
"6949","HTF-W型（配钢制风帽）-单速","航运交通","工业可视化模型","1","2026-08-18","2026-08-18"
"6948","HTF-W型（配玻璃钢风帽）-双速","矿山装备","工业可视化模型","1","2026-08-18","2026-08-18"
"6947","HTF-W型（配玻璃钢风帽）-单速_2","航运交通","工业可视化模型","1","2026-08-18","2026-08-18"
"6946","HTF-W型（配玻璃钢风帽）-单速","矿山装备","工业可视化模型","1","2026-08-18","2026-08-18"
"6945","F3系列风管送风式（左接管）","航运交通","工业可视化模型","1","2026-08-18","2026-08-18"
"6944","F3系列风管送风式（右接管）","航运交通","工业可视化模型","1","2026-08-18","2026-08-18"
"6943","F1系列风管送风式（左接管）","航运交通","工业可视化模型","1","2026-08-18","2026-08-18"
"6942","F1系列风管送风式（右接管）","航运交通","工业可视化模型","1","2026-08-18","2026-08-18"
"6941","DWT-Ⅳ型（涡轮式）","航运交通","工业可视化模型","1","2026-08-18","2026-08-18"
"6940","DWT-Ⅲ型（离心式）","航运交通","工业可视化模型","1","2026-08-18","2026-08-18"
"6939","DWT-Ⅱ型（离心式）","航运交通","工业可视化模型","1","2026-08-18","2026-08-18"
"6938","DWT-Ⅰ型(NO3-11.2轴)","矿山装备","工业可视化模型","1","2026-08-18","2026-08-18"
"6937","DWT-Ⅰ型(NO22以上轴)","航运交通","工业可视化模型","1","2026-08-18","2026-08-18"
"6936","DWT-Ⅰ型(NO12-20轴)","航运交通","工业可视化模型","1","2026-08-18","2026-08-18"
"6935","DFBZ(XBDZ)型-有百叶_18","航运交通","工业可视化模型","1","2026-08-18","2026-08-18"
"6934","DFBZ(XBDZ)型-无百叶_17","航运交通","工业可视化模型","1","2026-08-18","2026-08-18"
"6933","DASB(CB)型电热水机组","航运交通","工业可视化模型","1","2026-08-18","2026-08-18"
"6932","CWDR型常压电热水锅炉","航运交通","工业可视化模型","1","2026-08-18","2026-08-18"
"6931","CDW-X型开式冷却塔（四台）","水利水电","工业可视化模型","1","2026-08-18","2026-08-18"
"6930","CDW-X型开式冷却塔（单台）","航运交通","工业可视化模型","1","2026-08-18","2026-08-18"
"6929","CDW-X型开式冷却塔（两台）_2","航运交通","工业可视化模型","1","2026-08-18","2026-08-18"
"6928","CDW-X型开式冷却塔（两台）","航运交通","工业可视化模型","1","2026-08-18","2026-08-18"
"6927","CDW-X型开式冷却塔（三台）","水利水电","工业可视化模型","1","2026-08-18","2026-08-18"
"6926","CDW-S型开式冷却塔（单台四进水口）","航运交通","工业可视化模型","1","2026-08-18","2026-08-18"
"6925","CDW-S型开式冷却塔（两台四进水口）","水利水电","工业可视化模型","1","2026-08-18","2026-08-18"
"6924","CDW-S型开式冷却塔（三台四进水口）","航运交通","工业可视化模型","1","2026-08-18","2026-08-18"
"6923","BJBG防爆壁式工业风扇","矿山装备","工业可视化模型","1","2026-08-18","2026-08-18"
"6922","9-26离心风机_11","航运交通","工业可视化模型","1","2026-08-18","2026-08-18"
"6921","9-26离心风机_10","航运交通","工业可视化模型","1","2026-08-18","2026-08-18"
"6920","9-19离心风机_8","航运交通","工业可视化模型","1","2026-08-18","2026-08-18"
"6919","9-19离心风机_7","航运交通","工业可视化模型","1","2026-08-18","2026-08-18"
"6918","4-79离心风机_6","矿山装备","工业可视化模型","1","2026-08-18","2026-08-18"
"6917","4-79离心风机_5","航运交通","工业可视化模型","1","2026-08-18","2026-08-18"
"6916","4-79离心风机_4","航运交通","工业可视化模型","1","2026-08-18","2026-08-18"
"6915","4-72-离心风机_3","航运交通","工业可视化模型","1","2026-08-18","2026-08-18"
"6914","4-72-离心风机_2","航运交通","工业可视化模型","1","2026-08-18","2026-08-18"
"6913","4-72-离心风机_1","航运交通","工业可视化模型","1","2026-08-18","2026-08-18"
"6912","风管软接头_2","航运交通","工业可视化模型","1","2026-08-18","2026-08-18"
"6911","风管软接头-与设备连接_2","航运交通","工业可视化模型","1","2026-08-18","2026-08-18"
"6910","风管软接头-与设备连接","航运交通","工业可视化模型","1","2026-08-18","2026-08-18"
"6909","风管软接头","航运交通","工业可视化模型","1","2026-08-18","2026-08-18"
"6908","风冷调温型除湿机（顶出风）","水利水电","工业可视化模型","1","2026-08-18","2026-08-18"
"6907","风冷调温型除湿机（前出风）","水利水电","工业可视化模型","1","2026-08-18","2026-08-18"
"6906","风冷调温型除湿机室外机","航运交通","工业可视化模型","1","2026-08-18","2026-08-18"
"6905","静态平衡阀-DN80-PN6","水利水电","工业可视化模型","1","2026-08-18","2026-08-18"
"6904","静态平衡阀-DN65-PN6","水利水电","工业可视化模型","1","2026-08-18","2026-08-18"
"6903","静态平衡阀-DN50-PN6","水利水电","工业可视化模型","1","2026-08-18","2026-08-18"
"6902","雨沙分离装置","矿山装备","工业可视化模型","1","2026-08-18","2026-08-18"
"6901","集气罐","矿山装备","工业可视化模型","1","2026-08-18","2026-08-18"
"6900","集尘式自清洁过滤机组","矿山装备","工业可视化模型","1","2026-08-18","2026-08-18"
"6899","防火阀调节阀","航运交通","工业可视化模型","1","2026-08-18","2026-08-18"
"6898","防火调节阀（手动）","航运交通","工业可视化模型","1","2026-08-18","2026-08-18"
"6897","钢制蝶阀（电动）","航运交通","工业可视化模型","1","2026-08-18","2026-08-18"
"6896","钢制蝶阀（手动）_2","航运交通","工业可视化模型","1","2026-08-18","2026-08-18"
"6895","钢制蝶阀（手动）","航运交通","工业可视化模型","1","2026-08-18","2026-08-18"
"6894","远控常闭排烟防火阀","航运交通","工业可视化模型","1","2026-08-18","2026-08-18"
"6893","进水蝶阀","水利水电","工业可视化模型","1","2026-08-18","2026-08-18"
"6892","调节止回阀关断阀（直角型）-DN40-PN6","水利水电","工业可视化模型","1","2026-08-18","2026-08-18"
"6891","调节止回关断阀（转角型）","航运交通","工业可视化模型","1","2026-08-18","2026-08-18"
"6890","调节止回关断阀（直角型）","水利水电","工业可视化模型","1","2026-08-18","2026-08-18"
"6889","角阀-DN15-PN6","水利水电","工业可视化模型","1","2026-08-18","2026-08-18"
"6888","角通型反冲洗过滤器","水利水电","工业可视化模型","1","2026-08-18","2026-08-18"
"6887","螺纹型静态平衡阀","水利水电","工业可视化模型","1","2026-08-18","2026-08-18"
"6886","螺纹型自力式压差控制阀","水利水电","工业可视化模型","1","2026-08-18","2026-08-18"
"6885","螺纹型水表","水利水电","工业可视化模型","1","2026-08-18","2026-08-18"
"6884","螺纹型柱塞阀","水利水电","工业可视化模型","1","2026-08-18","2026-08-18"
"6883","螺纹型快开阀","水利水电","工业可视化模型","1","2026-08-18","2026-08-18"
"6882","螺纹型堵头","水利水电","工业可视化模型","1","2026-08-18","2026-08-18"
"6881","螺纹型动态流量平衡阀","水利水电","工业可视化模型","1","2026-08-18","2026-08-18"
"6880","螺纹型三通阀（两阀座）","水利水电","工业可视化模型","1","2026-08-18","2026-08-18"
"6879","自清洁沙尘过滤机组","矿山装备","工业可视化模型","1","2026-08-18","2026-08-18"
"6878","自动软水器-双阀双罐同时供水（双盐箱）","水利水电","工业可视化模型","1","2026-08-18","2026-08-18"
"6877","自动软水器-双阀双罐一用一备","水利水电","工业可视化模型","1","2026-08-18","2026-08-18"
"6876","自动软水器-单阀双罐一用一备","水利水电","工业可视化模型","1","2026-08-18","2026-08-18"
"6875","自动软水器-单阀单路","水利水电","工业可视化模型","1","2026-08-18","2026-08-18"
"6874","自力式压差控制阀-DN80-PN6","水利水电","工业可视化模型","1","2026-08-18","2026-08-18"
"6873","自力式压差控制阀-DN65-PN6","水利水电","工业可视化模型","1","2026-08-18","2026-08-18"
"6872","自力式压差控制阀-DN50-PN6","水利水电","工业可视化模型","1","2026-08-18","2026-08-18"
"6871","膨胀水箱","水利水电","工业可视化模型","1","2026-08-18","2026-08-18"
"6870","立式(囊式)气压罐定压设备","水利水电","工业可视化模型","1","2026-08-18","2026-08-18"
"6869","移动式除湿机（顶出风）","矿山装备","工业可视化模型","1","2026-08-18","2026-08-18"
"6868","移动型除湿机（前出风）","航运交通","工业可视化模型","1","2026-08-18","2026-08-18"
"6867","直通型反冲洗过滤器","水利水电","工业可视化模型","1","2026-08-18","2026-08-18"
"6866","电磁阀-DN80-PN6","水利水电","工业可视化模型","1","2026-08-18","2026-08-18"
"6865","电磁阀-DN65-PN6","水利水电","工业可视化模型","1","2026-08-18","2026-08-18"
"6864","电磁阀-DN100-PN6","水利水电","工业可视化模型","1","2026-08-18","2026-08-18"
"6863","电子除垢仪","水利水电","工业可视化模型","1","2026-08-18","2026-08-18"
"6862","电动调节阀（二通型）-DN50-PN6","水利水电","工业可视化模型","1","2026-08-18","2026-08-18"
"6861","电动蝶阀-DN50-PN6","水利水电","工业可视化模型","1","2026-08-18","2026-08-18"
"6860","电动蝶阀","水利水电","工业可视化模型","1","2026-08-18","2026-08-18"
"6859","电动排烟防火阀","航运交通","工业可视化模型","1","2026-08-18","2026-08-18"
"6858","电动排烟阀","航运交通","工业可视化模型","1","2026-08-18","2026-08-18"
"6857","电动二通阀-DN15-PN6","水利水电","工业可视化模型","1","2026-08-18","2026-08-18"
"6856","温度计","水利水电","工业可视化模型","1","2026-08-18","2026-08-18"
"6855","温度传感器","水利水电","工业可视化模型","1","2026-08-18","2026-08-18"
"6854","液位传感器","水利水电","工业可视化模型","1","2026-08-18","2026-08-18"
"6853","消声止回阀-DN40-PN6","水利水电","工业可视化模型","1","2026-08-18","2026-08-18"
"6852","消声止回阀","水利水电","工业可视化模型","1","2026-08-18","2026-08-18"
"6851","流量控制阀-DN100-PN6","水利水电","工业可视化模型","1","2026-08-18","2026-08-18"
"6850","流量开关","水利水电","工业可视化模型","1","2026-08-18","2026-08-18"
"6849","流量传感器","水利水电","工业可视化模型","1","2026-08-18","2026-08-18"
"6848","波纹管-与设备连接","水利水电","工业可视化模型","1","2026-08-18","2026-08-18"
"6847","波纹管","水利水电","工业可视化模型","1","2026-08-18","2026-08-18"
"6846","法兰型静态平衡阀","水利水电","工业可视化模型","1","2026-08-18","2026-08-18"
"6845","法兰型超声波式热量表","水利水电","工业可视化模型","1","2026-08-18","2026-08-18"
"6844","法兰型电动调节阀（二通型）","水利水电","工业可视化模型","1","2026-08-18","2026-08-18"
"6843","法兰型电动调节阀（三通型）","水利水电","工业可视化模型","1","2026-08-18","2026-08-18"
"6842","法兰型流量控制阀","水利水电","工业可视化模型","1","2026-08-18","2026-08-18"
"6841","法兰型水表","水利水电","工业可视化模型","1","2026-08-18","2026-08-18"
"6840","法兰型柱塞阀","水利水电","工业可视化模型","1","2026-08-18","2026-08-18"
"6839","法兰型旋塞阀","水利水电","工业可视化模型","1","2026-08-18","2026-08-18"
"6838","法兰型三通阀（四阀座）","水利水电","工业可视化模型","1","2026-08-18","2026-08-18"
"6837","法兰型三通阀（两阀座）","水利水电","工业可视化模型","1","2026-08-18","2026-08-18"
"6836","止回阀_2","航运交通","工业可视化模型","1","2026-08-18","2026-08-18"
"6835","止回阀","航运交通","工业可视化模型","1","2026-08-18","2026-08-18"
"6834","橡胶软接头-与设备连接","水利水电","工业可视化模型","1","2026-08-18","2026-08-18"
"6833","橡胶软接头","水利水电","工业可视化模型","1","2026-08-18","2026-08-18"
"6832","柱塞阀-DN80-PN6","水利水电","工业可视化模型","1","2026-08-18","2026-08-18"
"6831","柱塞阀-DN65-PN6","水利水电","工业可视化模型","1","2026-08-18","2026-08-18"
"6830","柱塞阀-DN50-PN6","水利水电","工业可视化模型","1","2026-08-18","2026-08-18"
"6829","机械式热量表","水利水电","工业可视化模型","1","2026-08-18","2026-08-18"
"6828","普通四通_2","航运交通","工业可视化模型","1","2026-08-18","2026-08-18"
"6827","普通四通","航运交通","工业可视化模型","1","2026-08-18","2026-08-18"
"6826","普通三通（竖直）","航运交通","工业可视化模型","1","2026-08-18","2026-08-18"
"6825","普通三通（水平）","航运交通","工业可视化模型","1","2026-08-18","2026-08-18"
"6824","普通三通","航运交通","工业可视化模型","1","2026-08-18","2026-08-18"
"6823","无动力风墙式过滤装置","矿山装备","工业可视化模型","1","2026-08-18","2026-08-18"
"6822","旋塞阀-DN50-PN6","水利水电","工业可视化模型","1","2026-08-18","2026-08-18"
"6821","排烟防火阀（手动）","航运交通","工业可视化模型","1","2026-08-18","2026-08-18"
"6820","排烟防火阀","航运交通","工业可视化模型","1","2026-08-18","2026-08-18"
"6819","排烟阀开放装置","航运交通","工业可视化模型","1","2026-08-18","2026-08-18"
"6818","排烟阀","航运交通","工业可视化模型","1","2026-08-18","2026-08-18"
"6817","承插四通_2","航运交通","工业可视化模型","1","2026-08-18","2026-08-18"
"6816","承插四通","航运交通","工业可视化模型","1","2026-08-18","2026-08-18"
"6815","承插三通（竖直）","水利水电","工业可视化模型","1","2026-08-18","2026-08-18"
"6814","承插三通（水平）","水利水电","工业可视化模型","1","2026-08-18","2026-08-18"
"6813","承插三通","航运交通","工业可视化模型","1","2026-08-18","2026-08-18"
"6812","快开阀-DN80-PN6","水利水电","工业可视化模型","1","2026-08-18","2026-08-18"
"6811","快开阀-DN65-PN6","水利水电","工业可视化模型","1","2026-08-18","2026-08-18"
"6810","弯头（竖直）-焊接","航运交通","工业可视化模型","1","2026-08-18","2026-08-18"
"6809","弯头（竖直）-法兰连接_2","航运交通","工业可视化模型","1","2026-08-18","2026-08-18"
"6808","弯头（竖直）-法兰连接","航运交通","工业可视化模型","1","2026-08-18","2026-08-18"
"6807","弯头（水平）-焊接","航运交通","工业可视化模型","1","2026-08-18","2026-08-18"
"6806","弯头（水平）-法兰连接","航运交通","工业可视化模型","1","2026-08-18","2026-08-18"
"6805","弯头-焊接","航运交通","工业可视化模型","1","2026-08-18","2026-08-18"
"6804","弯头-法兰连接","航运交通","工业可视化模型","1","2026-08-18","2026-08-18"
"6803","底阀-DN50-PN6","水利水电","工业可视化模型","1","2026-08-18","2026-08-18"
"6802","封板_2","航运交通","工业可视化模型","1","2026-08-18","2026-08-18"
"6801","封板","航运交通","工业可视化模型","1","2026-08-18","2026-08-18"
"6800","对开多叶调节阀（电动）_3","航运交通","工业可视化模型","1","2026-08-18","2026-08-18"
"6799","对开多叶调节阀（电动）_2","水利水电","工业可视化模型","1","2026-08-18","2026-08-18"
"6798","对开多叶调节阀（电动）","航运交通","工业可视化模型","1","2026-08-18","2026-08-18"
"6797","对开多叶调节阀（手动）_2","水利水电","工业可视化模型","1","2026-08-18","2026-08-18"
"6796","对开多叶调节阀（手动）","航运交通","工业可视化模型","1","2026-08-18","2026-08-18"
"6795","密闭阀（电动）_3","水利水电","工业可视化模型","1","2026-08-18","2026-08-18"
"6794","密闭阀（电动）_2","航运交通","工业可视化模型","1","2026-08-18","2026-08-18"
"6793","密闭阀（电动）","航运交通","工业可视化模型","1","2026-08-18","2026-08-18"
"6792","密闭阀（手动）_2","水利水电","工业可视化模型","1","2026-08-18","2026-08-18"
"6791","密闭阀（手动）","航运交通","工业可视化模型","1","2026-08-18","2026-08-18"
"6790","孔板流量计-DN50-PN6","水利水电","工业可视化模型","1","2026-08-18","2026-08-18"
"6789","天圆地方","航运交通","工业可视化模型","1","2026-08-18","2026-08-18"
"6788","堵头-DN50-PN6_2","水利水电","工业可视化模型","1","2026-08-18","2026-08-18"
"6787","堵头-DN50-PN6","水利水电","工业可视化模型","1","2026-08-18","2026-08-18"
"6786","基础板-车挡埋件","水利水电","工业可视化模型","1","2026-08-18","2026-08-18"
"6785","圆角四通","水利水电","工业可视化模型","1","2026-08-18","2026-08-18"
"6784","圆角三通（竖直）","航运交通","工业可视化模型","1","2026-08-18","2026-08-18"
"6783","圆角三通（水平）","水利水电","工业可视化模型","1","2026-08-18","2026-08-18"
"6782","吊钩桥式起重机（小起重量）","水利水电","工业可视化模型","1","2026-08-18","2026-08-18"
"6781","可变径普通三通（竖直）","航运交通","工业可视化模型","1","2026-08-18","2026-08-18"
"6780","可变径普通三通（水平）","航运交通","工业可视化模型","1","2026-08-18","2026-08-18"
"6779","可变径承插三通（水平）_2","航运交通","工业可视化模型","1","2026-08-18","2026-08-18"
"6778","可变径承插三通（水平）","水利水电","工业可视化模型","1","2026-08-18","2026-08-18"
"6777","可变径圆角三通（水平）","航运交通","工业可视化模型","1","2026-08-18","2026-08-18"
"6776","变径-焊接_3","航运交通","工业可视化模型","1","2026-08-18","2026-08-18"
"6775","变径-焊接_2","航运交通","工业可视化模型","1","2026-08-18","2026-08-18"
"6774","变径-焊接","航运交通","工业可视化模型","1","2026-08-18","2026-08-18"
"6773","变径-法兰连接","航运交通","工业可视化模型","1","2026-08-18","2026-08-18"
"6772","变径","航运交通","工业可视化模型","1","2026-08-18","2026-08-18"
"6771","双腔微孔消声弯头（竖直）","水利水电","工业可视化模型","1","2026-08-18","2026-08-18"
"6770","单腔微孔消声弯头（竖直）","水利水电","工业可视化模型","1","2026-08-18","2026-08-18"
"6769","单腔微孔消声弯头（水平）","水利水电","工业可视化模型","1","2026-08-18","2026-08-18"
"6768","升温型除湿机（顶出风）","水利水电","工业可视化模型","1","2026-08-18","2026-08-18"
"6767","升温型除湿机（前出风）","水利水电","工业可视化模型","1","2026-08-18","2026-08-18"
"6766","分集水器（8管）","水利水电","工业可视化模型","1","2026-08-18","2026-08-18"
"6765","分集水器（7管）","水利水电","工业可视化模型","1","2026-08-18","2026-08-18"
"6764","分集水器（6管）","水利水电","工业可视化模型","1","2026-08-18","2026-08-18"
"6763","分集水器（5管）","航运交通","工业可视化模型","1","2026-08-18","2026-08-18"
"6762","分集水器（4管）","水利水电","工业可视化模型","1","2026-08-18","2026-08-18"
"6761","分歧管","水利水电","工业可视化模型","1","2026-08-18","2026-08-18"
"6760","全自动水处理器","水利水电","工业可视化模型","1","2026-08-18","2026-08-18"
"6759","倒流防止器-DN65-PN6","水利水电","工业可视化模型","1","2026-08-18","2026-08-18"
"6758","余压阀","航运交通","工业可视化模型","1","2026-08-18","2026-08-18"
"6757","乙字弯 A.1_(1)_(1)","航运交通","工业可视化模型","1","2026-08-18","2026-08-18"
"6756","乙字弯","航运交通","工业可视化模型","1","2026-08-18","2026-08-18"
"6755","三通阀（两阀座）-DN65-PN6","水利水电","工业可视化模型","1","2026-08-18","2026-08-18"
"6754","三通阀（两阀座）-DN50-PN6","水利水电","工业可视化模型","1","2026-08-18","2026-08-18"
"6753","Y型三通（竖直）","航运交通","工业可视化模型","1","2026-08-18","2026-08-18"
"6752","Y型三通（水平）","水利水电","工业可视化模型","1","2026-08-18","2026-08-18"
"6751","Y型三通","航运交通","工业可视化模型","1","2026-08-18","2026-08-18"
"6750","T型三通（竖直）","航运交通","工业可视化模型","1","2026-08-18","2026-08-18"
"6749","T型三通（水平）","航运交通","工业可视化模型","1","2026-08-18","2026-08-18"
"6748","T701-6 型阻抗复合式","航运交通","工业可视化模型","1","2026-08-18","2026-08-18"
"6747","T701-5 型弧形声流式","航运交通","工业可视化模型","1","2026-08-18","2026-08-18"
"6746","T701-4 型卡普隆管式","航运交通","工业可视化模型","1","2026-08-18","2026-08-18"
"6745","T701-3 型聚脂泡沫塑料管式","航运交通","工业可视化模型","1","2026-08-18","2026-08-18"
"6744","T701-2 型矿棉管式","矿山装备","工业可视化模型","1","2026-08-18","2026-08-18"
"6743","T40H-16型两通调节阀-DN80-PN6","水利水电","工业可视化模型","1","2026-08-18","2026-08-18"
"6742","T40H-16型两通调节阀-DN65-PN6","水利水电","工业可视化模型","1","2026-08-18","2026-08-18"
"6741","HVAC-Duct-320x630x1.2","航运交通","工业可视化模型","1","2026-08-18","2026-08-18"
"6740","HVAC-Duct-320x160x1.2","航运交通","工业可视化模型","1","2026-08-18","2026-08-18"
"6739","HVAC-Duct-320x1250x1.2","航运交通","工业可视化模型","1","2026-08-18","2026-08-18"
"6738","HVAC-Duct-320x120x1.2","航运交通","工业可视化模型","1","2026-08-18","2026-08-18"
"6737","HVAC-Duct-250x1600x1.2","航运交通","工业可视化模型","1","2026-08-18","2026-08-18"
"6736","HVAC-Duct-120x320x1.2","航运交通","工业可视化模型","1","2026-08-18","2026-08-18"
"6735","HVAC-Duct-120x250x1.2","航运交通","工业可视化模型","1","2026-08-18","2026-08-18"
"6734","HVAC-Duct-120x200x1.2","航运交通","工业可视化模型","1","2026-08-18","2026-08-18"
"6733","HVAC-Duct-120x160x1.2","航运交通","工业可视化模型","1","2026-08-18","2026-08-18"
"6732","HVAC-Duct-120x120x1.2","航运交通","工业可视化模型","1","2026-08-18","2026-08-18"
"6731","GDL型多级管道离心泵","水利水电","工业可视化模型","1","2026-08-18","2026-08-18"
"6730","GDLS型多级下吸上吐式管道离心泵","水利水电","工业可视化模型","1","2026-08-18","2026-08-18"
"6725","水电站主机厂组装好模型","水利水电","工业可视化模型","1","2026-08-15","2026-08-15"
"6723","1号水轮发电机组","水利水电","工业可视化模型","1","2026-08-15","2026-08-15"
"6722","主机厂房主体结构","水利水电","工业可视化模型","1","2026-08-15","2026-08-15"
"6721","主机厂房屋盖组件","水利水电","工业可视化模型","1","2026-08-15","2026-08-15"
"6720","厂房桥式起重机","水利水电","工业可视化模型","1","2026-08-15","2026-08-15"
"6719","厂房检修门组件","水利水电","工业可视化模型","1","2026-08-15","2026-08-15"
"6718","厂房顶部承压组件","水利水电","工业可视化模型","1","2026-08-15","2026-08-15"
"6717","大型设备运输门","水利水电","工业可视化模型","1","2026-08-15","2026-08-15"
"6716","机组就地控制箱（1_4）","水利水电","工业可视化模型","1","2026-08-15","2026-08-15"
"6715","机组电气控制柜（1_4）","水利水电","工业可视化模型","1","2026-08-15","2026-08-15"
"6714","机组辅助油罐（1_4）","水利水电","工业可视化模型","1","2026-08-15","2026-08-15"
"6712","设备检修平台框架（1_4）","水利水电","工业可视化模型","1","2026-08-15","2026-08-15"
"6711","设备检修爬梯组件","水利水电","工业可视化模型","1","2026-08-15","2026-08-15"
"6710","设备检修盖板","水利水电","工业可视化模型","1","2026-08-15","2026-08-15"
"6709","起重机运行轨道（1_4）","水利水电","工业可视化模型","1","2026-08-15","2026-08-15"
"6708","起重机运行轨道（1_4）","水利水电","工业可视化模型","1","2026-08-10","2026-08-10"
"6707","设备检修盖板","水利水电","工业可视化模型","1","2026-08-10","2026-08-10"
"6706","设备检修爬梯组件","水利水电","工业可视化模型","1","2026-08-10","2026-08-10"
"6705","设备检修平台框架（1_4）","水利水电","工业可视化模型","1","2026-08-10","2026-08-10"
"6704","水电站主机厂房","水利水电","工业可视化模型","1","2026-08-10","2026-08-10"
"6703","机组辅助油罐（1_4）","水利水电","工业可视化模型","1","2026-08-10","2026-08-10"
"6702","机组电气控制柜（1_4）","水利水电","工业可视化模型","1","2026-08-10","2026-08-10"
"6701","机组就地控制箱（1_4）","水利水电","工业可视化模型","1","2026-08-10","2026-08-10"
"6700","大型设备运输门","水利水电","工业可视化模型","1","2026-08-10","2026-08-10"
"6699","厂房顶部承压组件","水利水电","工业可视化模型","1","2026-08-10","2026-08-10"
"6698","厂房检修门组件","水利水电","工业可视化模型","1","2026-08-10","2026-08-10"
"6697","厂房桥式起重机","水利水电","工业可视化模型","1","2026-08-10","2026-08-10"
"6696","主机厂房屋盖组件","水利水电","工业可视化模型","1","2026-08-10","2026-08-10"
"6695","主机厂房主体结构","水利水电","工业可视化模型","1","2026-08-10","2026-08-10"
"6694","4号水轮发电机组","水利水电","工业可视化模型","1","2026-08-10","2026-08-10"
"6693","3号水轮发电机组","水利水电","工业可视化模型","1","2026-08-10","2026-08-10"
"6692","2号水轮发电机组","水利水电","工业可视化模型","1","2026-08-10","2026-08-10"
"6691","1号水轮发电机组","水利水电","工业可视化模型","1","2026-08-10","2026-08-10"
"6689","1号水轮发电机组","水利水电","工业可视化模型","1","2026-08-10","2026-08-10"
"6685","主机厂房主体结构","水利水电","工业可视化模型","1","2026-08-10","2026-08-10"
"6684","主机厂房屋盖组件","水利水电","工业可视化模型","1","2026-08-10","2026-08-10"
"6683","厂房桥式起重机","水利水电","工业可视化模型","1","2026-08-10","2026-08-10"
"6682","厂房检修门组件","水利水电","工业可视化模型","1","2026-08-10","2026-08-10"
"6681","厂房顶部承压组件","水利水电","工业可视化模型","1","2026-08-10","2026-08-10"
"6680","大型设备运输门","水利水电","工业可视化模型","1","2026-08-10","2026-08-10"
"6679","机组就地控制箱（1_4）","水利水电","工业可视化模型","1","2026-08-10","2026-08-10"
"6678","机组电气控制柜（1_4）","水利水电","工业可视化模型","1","2026-08-10","2026-08-10"
"6677","机组辅助油罐（1_4）","水利水电","工业可视化模型","1","2026-08-10","2026-08-10"
"6676","水电站主机厂房","水利水电","工业可视化模型","1","2026-08-10","2026-08-10"
"6675","设备检修平台框架（1_4）","水利水电","工业可视化模型","1","2026-08-10","2026-08-10"
"6674","设备检修爬梯组件","水利水电","工业可视化模型","1","2026-08-10","2026-08-10"
"6673","设备检修盖板","水利水电","工业可视化模型","1","2026-08-10","2026-08-10"
"6672","起重机运行轨道（1_4）","水利水电","工业可视化模型","1","2026-08-10","2026-08-10"
"6651","“苏”号超级游艇","航运交通","工业可视化模型","1","2026-08-03","2026-08-03"
"6650","GN 425-A4-U形机柜手柄-不锈钢","水利水电","工业可视化模型","1","2026-08-03","2026-08-03"
"6649","游轮船模型","航运交通","工业可视化模型","1","2026-08-03","2026-08-03"
"6648","水坝泄洪闸","水利水电","工业可视化模型","1","2026-08-03","2026-08-03"
"6647","漏电断路器NB7","航运交通","工业可视化模型","1","2026-08-03","2026-08-03"
"6646","JIS B1251T4-2018标准型弹簧垫圈","航运交通","工业可视化模型","1","2026-08-03","2026-08-03"
"6645","HCX-E柱式液位指示器","水利水电","工业可视化模型","1","2026-08-03","2026-08-03"
"6644","DIN 6335-GG-星形旋钮-铸铁","矿山装备","工业可视化模型","1","2026-08-03","2026-08-03"
"6643","潜水泵","水利水电","工业可视化模型","1","2026-08-03","2026-08-03"
"6642","脉冲式水轮机","水利水电","工业可视化模型","1","2026-08-03","2026-08-03"
"6641","WPEDO型蜗轮蜗杆减速机型号70-120","矿山装备","工业可视化模型","1","2026-08-03","2026-08-03"
"6640","CTB3系列齿轮油泵","矿山装备","工业可视化模型","1","2026-08-03","2026-08-03"
"6639","三体式高速竞速帆船","航运交通","工业可视化模型","1","2026-08-03","2026-08-03"
"6638","DIN127B-1987B型 弹簧垫圈","水利水电","工业可视化模型","1","2026-08-03","2026-08-03"
"6637","GB 5790-1986 细杆加大系列六角头法兰面螺栓B级","水利水电","工业可视化模型","1","2026-08-03","2026-08-03"
"6636","HCZT-AR带温度计的液位指示器","水利水电","工业可视化模型","1","2026-08-03","2026-08-03"
"6635","MBT-p-菱形滚花旋钮-镀锌钢螺杆","航运交通","工业可视化模型","1","2026-08-03","2026-08-03"
"6634","VTR-p-捏手-镀锌钢螺杆","矿山装备","工业可视化模型","1","2026-08-03","2026-08-03"
"6633","断路器","矿山装备","工业可视化模型","1","2026-08-03","2026-08-03"
"6632","DIN6921-1983半牙六角头法兰螺栓","水利水电","工业可视化模型","1","2026-08-03","2026-08-03"
"5581","遥控飞艇导管驱动系统","矿山装备","工业可视化模型","1","2026-08-02","2026-08-03"
"5580","轮船的三维模型","航运交通","工业可视化模型","1","2026-08-02","2026-08-03"
"5579","赛艇机模型图","航运交通","工业可视化模型","1","2026-08-02","2026-08-03"
"5578","液化石油气集装箱船","航运交通","工业可视化模型","1","2026-08-02","2026-08-03"
"5577","水下无人机设计三维模型","航运交通","工业可视化模型","1","2026-08-02","2026-08-03"
"5576","气垫船模型图","航运交通","工业可视化模型","1","2026-08-02","2026-08-03"
"5575","海岸巡逻快艇设计模型","航运交通","工业可视化模型","1","2026-08-02","2026-08-03"
"5574","Cruise豪华超大型游艇模型","航运交通","工业可视化模型","1","2026-08-02","2026-08-03"
"5573","黑珍珠帆船模型图","航运交通","工业可视化模型","1","2026-08-02","2026-08-03"
"5572","钢构拖船设计","航运交通","工业可视化模型","1","2026-08-02","2026-08-03"
"5571","重型运输船","航运交通","工业可视化模型","1","2026-08-02","2026-08-03"
"5570","遥控潜水器","航运交通","工业可视化模型","1","2026-08-02","2026-08-03"
"5569","遥控游艇设计模型","航运交通","工业可视化模型","1","2026-08-02","2026-08-03"
"5568","遥控水下航行器","航运交通","工业可视化模型","1","2026-08-02","2026-08-03"
"5567","遥控气垫船","航运交通","工业可视化模型","1","2026-08-02","2026-08-03"
"5566","遥控无人潜水器","航运交通","工业可视化模型","1","2026-08-02","2026-08-03"
"5565","遥控快艇设计模型","航运交通","工业可视化模型","1","2026-08-02","2026-08-03"
"5564","遥控快艇模型图","航运交通","工业可视化模型","1","2026-08-02","2026-08-03"
"5563","遥控喷射泵赛艇","航运交通","工业可视化模型","1","2026-08-02","2026-08-03"
"5562","造型皮艇模型","航运交通","工业可视化模型","1","2026-08-02","2026-08-03"
"5561","迷你遥控拖船","航运交通","工业可视化模型","1","2026-08-02","2026-08-03"
"5560","迷你潜艇模型图","航运交通","工业可视化模型","1","2026-08-02","2026-08-03"
"5559","近海多用途工作船模型","航运交通","工业可视化模型","1","2026-08-02","2026-08-03"
"5558","运输气垫船模型","航运交通","工业可视化模型","1","2026-08-02","2026-08-03"
"5557","轮船模型图","航运交通","工业可视化模型","1","2026-08-02","2026-08-03"
"5556","越南2022复合材料船","航运交通","工业可视化模型","1","2026-08-02","2026-08-03"
"5555","超级游艇模型","航运交通","工业可视化模型","1","2026-08-02","2026-08-03"
"5554","超级游艇","航运交通","工业可视化模型","1","2026-08-02","2026-08-03"
"5553","货运气垫船模型","航运交通","工业可视化模型","1","2026-08-02","2026-08-03"
"5552","货船模型设计","航运交通","工业可视化模型","1","2026-08-02","2026-08-03"
"5551","观光半潜艇","航运交通","工业可视化模型","1","2026-08-02","2026-08-03"
"5550","船舶模型图","航运交通","工业可视化模型","1","2026-08-02","2026-08-03"
"5549","船游艇模型","航运交通","工业可视化模型","1","2026-08-02","2026-08-03"
"5548","船体建造放样模型","航运交通","工业可视化模型","1","2026-08-02","2026-08-03"
"5547","船40米邮轮模型","航运交通","工业可视化模型","1","2026-08-02","2026-08-03"
"5546","船10.5米快艇模型","航运交通","工业可视化模型","1","2026-08-02","2026-08-03"
"5545","舷外机驱动的长艇型作业船三维模型","航运交通","工业可视化模型","1","2026-08-02","2026-08-03"
"5544","舰船登陆舱结构模型","航运交通","工业可视化模型","1","2026-08-02","2026-08-03"
"5543","航船模型图","航运交通","工业可视化模型","1","2026-08-02","2026-08-03"
"5542","自主水下航行器设计","航运交通","工业可视化模型","1","2026-08-02","2026-08-03"
"5541","脚踏动力船","航运交通","工业可视化模型","1","2026-08-02","2026-08-03"
"5540","游船游艇模型","航运交通","工业可视化模型","1","2026-08-02","2026-08-03"
"5539","简易帆船模型图","航运交通","工业可视化模型","1","2026-08-02","2026-08-03"
"5538","简单游艇模型","航运交通","工业可视化模型","1","2026-08-02","2026-08-03"
"5537","空气快艇概念设计模型","航运交通","工业可视化模型","1","2026-08-02","2026-08-03"
"5536","科幻战舰“乌鸦”","航运交通","工业可视化模型","1","2026-08-02","2026-08-03"
"5535","神秘C双体船","航运交通","工业可视化模型","1","2026-08-02","2026-08-03"
"5534","皮划艇模型图","航运交通","工业可视化模型","1","2026-08-02","2026-08-03"
"5533","皇家海军护卫舰模型","航运交通","工业可视化模型","1","2026-08-02","2026-08-03"
"5532","潜艇设计模型","航运交通","工业可视化模型","1","2026-08-02","2026-08-03"
"5531","潜艇模型图","航运交通","工业可视化模型","1","2026-08-02","2026-08-03"
"5530","潜水机模型图","航运交通","工业可视化模型","1","2026-08-02","2026-08-03"
"5529","滑雪航海艇","航运交通","工业可视化模型","1","2026-08-02","2026-08-03"
"5528","游轮船模型","航运交通","工业可视化模型","1","2026-08-02","2026-08-03"
"5527","游艇轮船模型","航运交通","工业可视化模型","1","2026-08-02","2026-08-03"
"5526","游艇模型图","航运交通","工业可视化模型","1","2026-08-02","2026-08-03"
"5525","游艇模型图","航运交通","工业可视化模型","1","2026-08-02","2026-08-03"
"5524","游艇模型图","航运交通","工业可视化模型","1","2026-08-02","2026-08-03"
"5523","游艇模型图","航运交通","工业可视化模型","1","2026-08-02","2026-08-03"
"5522","游艇三维模型","航运交通","工业可视化模型","1","2026-08-02","2026-08-03"
"5521","游艇3D设计模型图","航运交通","工业可视化模型","1","2026-08-02","2026-08-03"
"5520","游船游艇模型","航运交通","工业可视化模型","1","2026-08-02","2026-08-03"
"5519","液化天然气运输船","航运交通","工业可视化模型","1","2026-08-02","2026-08-03"
"5518","海上拖网渔船模型","航运交通","工业可视化模型","1","2026-08-02","2026-08-03"
"5517","游船游艇模型","航运交通","工业可视化模型","1","2026-08-02","2026-08-03"
"5516","海上护卫舰模型","航运交通","工业可视化模型","1","2026-08-02","2026-08-03"
"5515","海上巨型游轮模型","航运交通","工业可视化模型","1","2026-08-02","2026-08-03"
"5514","海上小型快艇模型","航运交通","工业可视化模型","1","2026-08-02","2026-08-03"
"5513","波特兰级重型巡洋舰","航运交通","工业可视化模型","1","2026-08-02","2026-08-03"
"5512","沼泽船设计","航运交通","工业可视化模型","1","2026-08-02","2026-08-03"
"5511","汽船模型图","航运交通","工业可视化模型","1","2026-08-02","2026-08-03"
"5510","水翼船三维设计模型","航运交通","工业可视化模型","1","2026-08-02","2026-08-03"
"5509","水域气垫清理船","航运交通","工业可视化模型","1","2026-08-02","2026-08-03"
"5508","水下科研潜艇概念设计模型","航运交通","工业可视化模型","1","2026-08-02","2026-08-03"
"5507","水下无人机三维模型","航运交通","工业可视化模型","1","2026-08-02","2026-08-03"
"5506","水上航行器设计模型","航运交通","工业可视化模型","1","2026-08-02","2026-08-03"
"5505","水上摩托艇","航运交通","工业可视化模型","1","2026-08-02","2026-08-03"
"5504","水上娱乐游艇模型图","航运交通","工业可视化模型","1","2026-08-02","2026-08-03"
"5503","气垫船设计模型","航运交通","工业可视化模型","1","2026-08-02","2026-08-03"
"5502","气动飞机舱门设计三维模型","矿山装备","工业可视化模型","1","2026-08-02","2026-08-03"
"5501","模块化拼装的舱体结构","航运交通","工业可视化模型","1","2026-08-02","2026-08-03"
"5500","标准铝制帆船模型","航运交通","工业可视化模型","1","2026-08-02","2026-08-03"
"5499","木质渔船设计三维模型","航运交通","工业可视化模型","1","2026-08-02","2026-08-03"
"5498","木质小船设计","航运交通","工业可视化模型","1","2026-08-02","2026-08-03"
"5497","无人水面艇模型","航运交通","工业可视化模型","1","2026-08-02","2026-08-03"
"5496","教学用邮轮模型","航运交通","工业可视化模型","1","2026-08-02","2026-08-03"
"5495","摩托游艇20米","航运交通","工业可视化模型","1","2026-08-02","2026-08-03"
"5494","推进潜艇模型图","航运交通","工业可视化模型","1","2026-08-02","2026-08-03"
"5493","捕虾船船头设计","航运交通","工业可视化模型","1","2026-08-02","2026-08-03"
"5492","拖船设计三维模型","航运交通","工业可视化模型","1","2026-08-02","2026-08-03"
"5491","拖船模型图","航运交通","工业可视化模型","1","2026-08-02","2026-08-03"
"5490","战舰模型图","航运交通","工业可视化模型","1","2026-08-02","2026-08-03"
"5489","快速潜水机设计模型","航运交通","工业可视化模型","1","2026-08-02","2026-08-03"
"5488","快艇模型图三维","航运交通","工业可视化模型","1","2026-08-02","2026-08-03"
"5487","快艇概念设计模型","航运交通","工业可视化模型","1","2026-08-02","2026-08-03"
"5486","德士古哈沃林拖船","航运交通","工业可视化模型","1","2026-08-02","2026-08-03"
"5485","带电动机的木筏","航运交通","工业可视化模型","1","2026-08-02","2026-08-03"
"5484","帆船模型图","航运交通","工业可视化模型","1","2026-08-02","2026-08-03"
"5483","帆船模型图","航运交通","工业可视化模型","1","2026-08-02","2026-08-03"
"5482","帆船模型图","航运交通","工业可视化模型","1","2026-08-02","2026-08-03"
"5481","巡逻艇模型图","航运交通","工业可视化模型","1","2026-08-02","2026-08-03"
"5480","巡逻艇模型","航运交通","工业可视化模型","1","2026-08-02","2026-08-03"
"5479","巡逻船艇模型","航运交通","工业可视化模型","1","2026-08-02","2026-08-03"
"5478","巡航双体船","航运交通","工业可视化模型","1","2026-08-02","2026-08-03"
"5477","岸基钢丝绳拖船机构","航运交通","工业可视化模型","1","2026-08-02","2026-08-03"
"5476","小艇船体模型图","航运交通","工业可视化模型","1","2026-08-02","2026-08-03"
"5475","小艇模型图设计","航运交通","工业可视化模型","1","2026-08-02","2026-08-03"
"5474","小艇模型图","航运交通","工业可视化模型","1","2026-08-02","2026-08-03"
"5473","小船模型图3D","航运交通","工业可视化模型","1","2026-08-02","2026-08-03"
"5472","小型观光游船","航运交通","工业可视化模型","1","2026-08-02","2026-08-03"
"5471","小型船只船舱总成设计","航运交通","工业可视化模型","1","2026-08-02","2026-08-03"
"5470","小型船体设计","航运交通","工业可视化模型","1","2026-08-02","2026-08-03"
"5469","小型竞速船设计模型","航运交通","工业可视化模型","1","2026-08-02","2026-08-03"
"5468","小型水上快艇模型","航运交通","工业可视化模型","1","2026-08-02","2026-08-03"
"5467","小型冲锋艇设计","航运交通","工业可视化模型","1","2026-08-02","2026-08-03"
"5466","太阳能浮标设计模型","航运交通","工业可视化模型","1","2026-08-02","2026-08-03"
"5465","太阳能无人水面航行器","航运交通","工业可视化模型","1","2026-08-02","2026-08-03"
"5464","大型深海潜艇设计","航运交通","工业可视化模型","1","2026-08-02","2026-08-03"
"5463","大型作业拖船设计","航运交通","工业可视化模型","1","2026-08-02","2026-08-03"
"5462","吸入式挖泥船","航运交通","工业可视化模型","1","2026-08-02","2026-08-03"
"5461","古典帆船设计","航运交通","工业可视化模型","1","2026-08-02","2026-08-03"
"5460","双气垫船模型图","航运交通","工业可视化模型","1","2026-08-02","2026-08-03"
"5459","双机动力休闲钓鱼艇","航运交通","工业可视化模型","1","2026-08-02","2026-08-03"
"5458","双体船游艇","航运交通","工业可视化模型","1","2026-08-02","2026-08-03"
"5457","双体船模型3D图","航运交通","工业可视化模型","1","2026-08-02","2026-08-03"
"5456","双体式高速竞速艇","航运交通","工业可视化模型","1","2026-08-02","2026-08-03"
"5455","双体式电动观光救援艇","航运交通","工业可视化模型","1","2026-08-02","2026-08-03"
"5454","单座水上竞速艇三维模型","航运交通","工业可视化模型","1","2026-08-02","2026-08-03"
"5453","午夜快车动力船","航运交通","工业可视化模型","1","2026-08-02","2026-08-03"
"5452","刚性充气快艇","航运交通","工业可视化模型","1","2026-08-02","2026-08-03"
"5451","划船机构三维","航运交通","工业可视化模型","1","2026-08-02","2026-08-03"
"5450","冲锋舟设计模型","航运交通","工业可视化模型","1","2026-08-02","2026-08-03"
"5449","全自动水葫芦清理船","航运交通","工业可视化模型","1","2026-08-02","2026-08-03"
"5448","光伏发电-小船模型","航运交通","工业可视化模型","1","2026-08-02","2026-08-03"
"5447","仿古帆船设计","航运交通","工业可视化模型","1","2026-08-02","2026-08-03"
"5446","中式古帆船模型","航运交通","工业可视化模型","1","2026-08-02","2026-08-03"
"5445","三体式高速竞速帆船","航运交通","工业可视化模型","1","2026-08-02","2026-08-03"
"5444","“苏”号超级游艇","航运交通","工业可视化模型","1","2026-08-02","2026-08-03"
"5443","AC40级单体帆船模型","航运交通","工业可视化模型","1","2026-08-02","2026-08-03"
"5442","50米太空游艇","航运交通","工业可视化模型","1","2026-08-02","2026-08-03"
"5441","3D打印轮船模型设计","航运交通","工业可视化模型","1","2026-08-02","2026-08-03"
"5440","15米渔船设计模型","航运交通","工业可视化模型","1","2026-08-02","2026-08-03"
"5439","高速巡逻双体船模型","航运交通","工业可视化模型","1","2026-08-02","2026-08-03"
"5438","高速双体船","航运交通","工业可视化模型","1","2026-08-02","2026-08-03"
"5437","驱逐舰设计模型","航运交通","工业可视化模型","1","2026-08-02","2026-08-03"
"5436","驱逐舰模型设计图","航运交通","工业可视化模型","1","2026-08-02","2026-08-03"
"5435","霍斯特诺克潜水艇","航运交通","工业可视化模型","1","2026-08-02","2026-08-03"
"5434","锚和绳索模型","航运交通","工业可视化模型","1","2026-08-02","2026-08-03"
"5433","钢船快艇模型","航运交通","工业可视化模型","1","2026-08-02","2026-08-03"
"5432","遥控快艇模型框架三维","航运交通","工业可视化模型","1","2026-08-02","2026-08-03"
"5431","边境巡逻艇","航运交通","工业可视化模型","1","2026-08-02","2026-08-03"
"5430","轮船模型","航运交通","工业可视化模型","1","2026-08-02","2026-08-03"
"5429","贡多拉模型图","航运交通","工业可视化模型","1","2026-08-02","2026-08-03"
"5428","豪华高速游艇","航运交通","工业可视化模型","1","2026-08-02","2026-08-03"
"5427","豪华游轮图","航运交通","工业可视化模型","1","2026-08-02","2026-08-03"
"5426","豪华CTV双体船模型","航运交通","工业可视化模型","1","2026-08-02","2026-08-03"
"5425","荷兰航行小艇","航运交通","工业可视化模型","1","2026-08-02","2026-08-03"
"5424","荷兰平底炮帆船","航运交通","工业可视化模型","1","2026-08-02","2026-08-03"
"5423","船设计船舶模型","航运交通","工业可视化模型","1","2026-08-02","2026-08-03"
"5422","船的模型图","航运交通","工业可视化模型","1","2026-08-02","2026-08-03"
"5421","航海帆船三维模型","航运交通","工业可视化模型","1","2026-08-02","2026-08-03"
"5420","航海帆船三维","航运交通","工业可视化模型","1","2026-08-02","2026-08-03"
"5419","航母认识学习","航运交通","工业可视化模型","1","2026-08-02","2026-08-03"
"5418","自动划船模拟机构","水利水电","工业可视化模型","1","2026-08-02","2026-08-03"
"5417","经典游艇模型图","航运交通","工业可视化模型","1","2026-08-02","2026-08-03"
"5416","红色小游艇模型","航运交通","工业可视化模型","1","2026-08-02","2026-08-03"
"5415","端午龙舟三维模型","航运交通","工业可视化模型","1","2026-08-02","2026-08-03"
"5414","空天母舰-舰岛","航运交通","工业可视化模型","1","2026-08-02","2026-08-03"
"5413","科幻星舰整体模型","水利水电","工业可视化模型","1","2026-08-02","2026-08-03"
"5412","私人豪华海上小游艇模型","航运交通","工业可视化模型","1","2026-08-02","2026-08-03"
"5411","电动小船模型图","航运交通","工业可视化模型","1","2026-08-02","2026-08-03"
"5410","霍斯特诺克潜水艇","航运交通","工业可视化模型","1","2026-08-02","2026-08-03"
"5409","潜艇模型图","航运交通","工业可视化模型","1","2026-08-02","2026-08-03"
"5408","潜艇3D模型","航运交通","工业可视化模型","1","2026-08-02","2026-08-03"
"5407","潜水艇三维","航运交通","工业可视化模型","1","2026-08-02","2026-08-03"
"5406","漂亮快艇制作模型","航运交通","工业可视化模型","1","2026-08-02","2026-08-03"
"5405","游轮模型图","航运交通","工业可视化模型","1","2026-08-02","2026-08-03"
"5404","游艇设计水上娱乐模型","航运交通","工业可视化模型","1","2026-08-02","2026-08-03"
"5403","游艇设计模型sw","航运交通","工业可视化模型","1","2026-08-02","2026-08-03"
"5402","游艇设计图纸","航运交通","工业可视化模型","1","2026-08-02","2026-08-03"
"5401","游艇模型图三维图","航运交通","工业可视化模型","1","2026-08-02","2026-08-03"
"5400","游艇模型图sw","航运交通","工业可视化模型","1","2026-08-02","2026-08-03"
"5399","游艇模型图","航运交通","工业可视化模型","1","2026-08-02","2026-08-03"
"5398","游艇外观设计","航运交通","工业可视化模型","1","2026-08-02","2026-08-03"
"5397","游艇三维设计模型图","航运交通","工业可视化模型","1","2026-08-02","2026-08-03"
"5396","渔船捕鲸船","航运交通","工业可视化模型","1","2026-08-02","2026-08-03"
"5395","海盗船设计结构","航运交通","工业可视化模型","1","2026-08-02","2026-08-03"
"5394","海洋护卫舰模型","航运交通","工业可视化模型","1","2026-08-02","2026-08-03"
"5393","海区气垫船模型","航运交通","工业可视化模型","1","2026-08-02","2026-08-03"
"5392","海上钻井船模型","航运交通","工业可视化模型","1","2026-08-02","2026-08-03"
"5391","海上浮标","航运交通","工业可视化模型","1","2026-08-02","2026-08-03"
"5390","浮标模型图","航运交通","工业可视化模型","1","2026-08-02","2026-08-03"
"5389","波斯湾护卫舰","航运交通","工业可视化模型","1","2026-08-02","2026-08-03"
"5388","水下航行器支架设计模型","航运交通","工业可视化模型","1","2026-08-02","2026-08-03"
"5387","水下自主航行器","航运交通","工业可视化模型","1","2026-08-02","2026-08-03"
"5386","水下机器人设计模型","航运交通","工业可视化模型","1","2026-08-02","2026-08-03"
"5385","氢燃料电池潜水器","航运交通","工业可视化模型","1","2026-08-02","2026-08-03"
"5384","氢技术规划船模型","航运交通","工业可视化模型","1","2026-08-02","2026-08-03"
"5383","气垫船设计交通工具模型","航运交通","工业可视化模型","1","2026-08-02","2026-08-03"
"5382","气垫船模型设计3D图","航运交通","工业可视化模型","1","2026-08-02","2026-08-03"
"5381","橡皮艇精品模型","航运交通","工业可视化模型","1","2026-08-02","2026-08-03"
"5380","机动摩托艇模型图","航运交通","工业可视化模型","1","2026-08-02","2026-08-03"
"5379","木质甲板模型图","航运交通","工业可视化模型","1","2026-08-02","2026-08-03"
"5378","木质小型渔船设计模型","航运交通","工业可视化模型","1","2026-08-02","2026-08-03"
"5377","星际航母设计","航运交通","工业可视化模型","1","2026-08-02","2026-08-03"
"5376","星际航母","航运交通","工业可视化模型","1","2026-08-02","2026-08-03"
"5375","旅游船模型","航运交通","工业可视化模型","1","2026-08-02","2026-08-03"
"5374","方形救生筏模型","航运交通","工业可视化模型","1","2026-08-02","2026-08-03"
"5373","拖船三维step","航运交通","工业可视化模型","1","2026-08-02","2026-08-03"
"5372","护卫舰模型图","航运交通","工业可视化模型","1","2026-08-02","2026-08-03"
"5371","手划船模型","航运交通","工业可视化模型","1","2026-08-02","2026-08-03"
"5370","战船设计模型","航运交通","工业可视化模型","1","2026-08-02","2026-08-03"
"5369","战舰设计模型设计","航运交通","工业可视化模型","1","2026-08-02","2026-08-03"
"5368","战舰设计模型sw","航运交通","工业可视化模型","1","2026-08-02","2026-08-03"
"5367","快艇（船只）设计模型","航运交通","工业可视化模型","1","2026-08-02","2026-08-03"
"5366","快艇设计三维模型","航运交通","工业可视化模型","1","2026-08-02","2026-08-03"
"5365","快艇模型图设计图","航运交通","工业可视化模型","1","2026-08-02","2026-08-03"
"5364","帆船设计 模型三维","航运交通","工业可视化模型","1","2026-08-02","2026-08-03"
"5363","小船模型图","航运交通","工业可视化模型","1","2026-08-02","2026-08-03"
"5362","小游艇模型图","航运交通","工业可视化模型","1","2026-08-02","2026-08-03"
"5361","小型黄色游艇模型","航运交通","工业可视化模型","1","2026-08-02","2026-08-03"
"5360","小型迷你潜艇","航运交通","工业可视化模型","1","2026-08-02","2026-08-03"
"5359","小型起重船模型","航运交通","工业可视化模型","1","2026-08-02","2026-08-03"
"5358","小型豪华游艇模型","航运交通","工业可视化模型","1","2026-08-02","2026-08-03"
"5357","小型观光快艇设计","航运交通","工业可视化模型","1","2026-08-02","2026-08-03"
"5356","小型观光双体船模型","航运交通","工业可视化模型","1","2026-08-02","2026-08-03"
"5355","小型精品鱼船模型","航运交通","工业可视化模型","1","2026-08-02","2026-08-03"
"5354","小型私人游艇设计模型","航运交通","工业可视化模型","1","2026-08-02","2026-08-03"
"5353","导管三维模型图","矿山装备","工业可视化模型","1","2026-08-02","2026-08-03"
"5352","子弹船设计模型","航运交通","工业可视化模型","1","2026-08-02","2026-08-03"
"5351","太平洋拖船结构模型","航运交通","工业可视化模型","1","2026-08-02","2026-08-03"
"5350","大帆船模型","航运交通","工业可视化模型","1","2026-08-02","2026-08-03"
"5349","大型驳船模型设计建模","航运交通","工业可视化模型","1","2026-08-02","2026-08-03"
"5348","大型车辆运输轮渡船","航运交通","工业可视化模型","1","2026-08-02","2026-08-03"
"5347","大型货运游轮","航运交通","工业可视化模型","1","2026-08-02","2026-08-03"
"5346","大型货船锚泊动力结构模型","航运交通","工业可视化模型","1","2026-08-02","2026-08-03"
"5345","大型蒸汽轮船结构模型","航运交通","工业可视化模型","1","2026-08-02","2026-08-03"
"5344","大型海运货轮模型","航运交通","工业可视化模型","1","2026-08-02","2026-08-03"
"5343","大型巡舰艇设计模型","航运交通","工业可视化模型","1","2026-08-02","2026-08-03"
"5342","圆形浮船模型图","航运交通","工业可视化模型","1","2026-08-02","2026-08-03"
"5341","国外游船三维模型","航运交通","工业可视化模型","1","2026-08-02","2026-08-03"
"5340","回声浮筒船","航运交通","工业可视化模型","1","2026-08-02","2026-08-03"
"5339","吊艇架模型","航运交通","工业可视化模型","1","2026-08-02","2026-08-03"
"5338","可居住游艇设计","航运交通","工业可视化模型","1","2026-08-02","2026-08-03"
"5337","双桅帆船模型","航运交通","工业可视化模型","1","2026-08-02","2026-08-03"
"5336","双体船设计模型设计","航运交通","工业可视化模型","1","2026-08-02","2026-08-03"
"5335","双体船模型图","航运交通","工业可视化模型","1","2026-08-02","2026-08-03"
"5334","双体游艇结构模型","航运交通","工业可视化模型","1","2026-08-02","2026-08-03"
"5333","单人潜水艇设计模型","航运交通","工业可视化模型","1","2026-08-02","2026-08-03"
"5332","创意双体船模型","航运交通","工业可视化模型","1","2026-08-02","2026-08-03"
"5331","军舰三维建模","航运交通","工业可视化模型","1","2026-08-02","2026-08-03"
"5330","军舰3D建模图","航运交通","工业可视化模型","1","2026-08-02","2026-08-03"
"5329","军用战舰模型图","航运交通","工业可视化模型","1","2026-08-02","2026-08-03"
"5328","内河航运船舶","航运交通","工业可视化模型","1","2026-08-02","2026-08-03"
"5327","充气船模型","航运交通","工业可视化模型","1","2026-08-02","2026-08-03"
"5326","充气小艇设计模型","航运交通","工业可视化模型","1","2026-08-02","2026-08-03"
"5325","主龙虾船模型图","航运交通","工业可视化模型","1","2026-08-02","2026-08-03"
"5324","中国潜水艇","航运交通","工业可视化模型","1","2026-08-02","2026-08-03"
"5323","个人游艇设计模型","航运交通","工业可视化模型","1","2026-08-02","2026-08-03"
"5322","三角帆设计模型","航运交通","工业可视化模型","1","2026-08-02","2026-08-03"
"5321","一种潜水艇模型","航运交通","工业可视化模型","1","2026-08-02","2026-08-03"
"5320","一种小汽船模型","航运交通","工业可视化模型","1","2026-08-02","2026-08-03"
"5319","一款潜艇模型","航运交通","工业可视化模型","1","2026-08-02","2026-08-03"
"5318","一款拖船模型","航运交通","工业可视化模型","1","2026-08-02","2026-08-03"
"5317","U型潜艇模型","航运交通","工业可视化模型","1","2026-08-02","2026-08-03"
"5316","UUV无人水下航行器","航运交通","工业可视化模型","1","2026-08-02","2026-08-03"
"5315","RC浮船模型图","航运交通","工业可视化模型","1","2026-08-02","2026-08-03"
"5314","RC帆船模型图","航运交通","工业可视化模型","1","2026-08-02","2026-08-03"
"5313","Phoenix RC帆船模型图","航运交通","工业可视化模型","1","2026-08-02","2026-08-03"
"5312","M10克鲁格坦克驱逐舰","航运交通","工业可视化模型","1","2026-08-02","2026-08-03"
"5311","Long度假休闲客轮船模型","航运交通","工业可视化模型","1","2026-08-02","2026-08-03"
"5310","Beluga水上出租车","航运交通","工业可视化模型","1","2026-08-02","2026-08-03"
"5309","Bao Linh小型游轮模型","航运交通","工业可视化模型","1","2026-08-02","2026-08-03"
"5308","BTC豪华大游轮模型","航运交通","工业可视化模型","1","2026-08-02","2026-08-03"
"5307","Anh海上观光客轮模型","航运交通","工业可视化模型","1","2026-08-02","2026-08-03"
"5306","AUV无人自主式水下航行器","航运交通","工业可视化模型","1","2026-08-02","2026-08-03"
"5305","AUV小型水下航行器","航运交通","工业可视化模型","1","2026-08-02","2026-08-03"
"5304","8米帆船模型","航运交通","工业可视化模型","1","2026-08-02","2026-08-03"
"5303","3.5米罗亚艇","航运交通","工业可视化模型","1","2026-08-02","2026-08-03"
"5302","2x2400海上捕鱼船模型","航运交通","工业可视化模型","1","2026-08-02","2026-08-03"
"5301","25米双体船模型图","航运交通","工业可视化模型","1","2026-08-02","2026-08-03"
"5300","251大型轮船模型设计","航运交通","工业可视化模型","1","2026-08-02","2026-08-03"
"5299","24米双体船","航运交通","工业可视化模型","1","2026-08-02","2026-08-03"
"5298","247游艇模型图三维","航运交通","工业可视化模型","1","2026-08-02","2026-08-03"
"5297","242航海的帆船模型","航运交通","工业可视化模型","1","2026-08-02","2026-08-03"
"5296","150000吨油轮结构模型","航运交通","工业可视化模型","1","2026-08-02","2026-08-03"
"5295","1300毫米钢筋混凝土船","航运交通","工业可视化模型","1","2026-08-02","2026-08-03"
"5294","10米登陆艇设计","航运交通","工业可视化模型","1","2026-08-02","2026-08-03"
"5293","10米救护船模型","航运交通","工业可视化模型","1","2026-08-02","2026-08-03"
"5292","10米双体快艇","航运交通","工业可视化模型","1","2026-08-02","2026-08-03"
"5283","船用雷达","航运交通","工业可视化模型","1","2026-08-01","2026-08-03"
"5253","电线杆变压器","航运交通","工业可视化模型","1","2026-08-01","2026-08-03"
"2378","龙门架结构","航运交通","工业可视化模型","1","2026-07-31","2026-08-03"
"2377","龙门吊","矿山装备","工业可视化模型","1","2026-07-31","2026-08-03"
"2376","高压电线金属铁塔","水利水电","工业可视化模型","1","2026-07-31","2026-08-03"
"2375","高压电力变压器","水利水电","工业可视化模型","1","2026-07-31","2026-08-03"
"2374","集装箱船","航运交通","工业可视化模型","1","2026-07-31","2026-08-03"
"2373","集装箱式远航跨洋货轮","航运交通","工业可视化模型","1","2026-07-31","2026-08-03"
"2372","门架起重机","水利水电","工业可视化模型","1","2026-07-31","2026-08-03"
"2371","门式起重机","航运交通","工业可视化模型","1","2026-07-31","2026-08-03"
"2370","门式起重机","航运交通","工业可视化模型","1","2026-07-31","2026-08-03"
"2369","门式起重机","水利水电","工业可视化模型","1","2026-07-31","2026-08-03"
"2368","门式启闭机","水利水电","工业可视化模型","1","2026-07-31","2026-08-03"
"2367","门座起重机","航运交通","工业可视化模型","1","2026-07-31","2026-08-03"
"2366","遮挡运输船","航运交通","工业可视化模型","1","2026-07-31","2026-08-03"
"2365","运河水电驳船","航运交通","工业可视化模型","1","2026-07-31","2026-08-03"
"2364","输电塔","水利水电","工业可视化模型","1","2026-07-31","2026-08-03"
"2363","轴流式水轮机","水利水电","工业可视化模型","1","2026-07-31","2026-08-03"
"2362","超大型远航货轮集装箱轮船","航运交通","工业可视化模型","1","2026-07-31","2026-08-03"
"2361","角水阀","水利水电","工业可视化模型","1","2026-07-31","2026-08-03"
"2360","蒸馏塔","水利水电","工业可视化模型","1","2026-07-31","2026-08-03"
"2359","船锚","航运交通","工业可视化模型","1","2026-07-31","2026-08-03"
"2358","船舶驾驶台仪表盘","航运交通","工业可视化模型","1","2026-07-31","2026-08-03"
"2357","船舶码头","航运交通","工业可视化模型","1","2026-07-31","2026-08-03"
"2356","船用雷达卫星通信天线","航运交通","工业可视化模型","1","2026-07-31","2026-08-03"
"2355","船用雷达","航运交通","工业可视化模型","1","2026-07-31","2026-08-03"
"2354","船用螺旋桨","航运交通","工业可视化模型","1","2026-07-31","2026-08-03"
"2353","脉冲式水轮机","水利水电","工业可视化模型","1","2026-07-31","2026-08-03"
"2352","箱式变压器","水利水电","工业可视化模型","1","2026-07-31","2026-08-03"
"2351","立式高压泵","水利水电","工业可视化模型","1","2026-07-31","2026-08-03"
"2350","立式圆筒形储罐","水利水电","工业可视化模型","1","2026-07-31","2026-08-03"
"2349","离心泵","水利水电","工业可视化模型","1","2026-07-31","2026-08-03"
"2348","瞭望塔灯塔","航运交通","工业可视化模型","1","2026-07-31","2026-08-03"
"2347","电阻焊机QX-50-A1","航运交通","工业可视化模型","1","2026-07-31","2026-08-03"
"2346","电线杆变压器","水利水电","工业可视化模型","1","2026-07-31","2026-08-03"
"2345","电气箱PLC触摸屏工控配电控箱操作箱伺服电控柜A8","航运交通","工业可视化模型","1","2026-07-31","2026-08-03"
"2344","电气箱PLC触摸屏工控配电控箱操作箱伺服电控柜A1","航运交通","工业可视化模型","1","2026-07-31","2026-08-03"
"2343","电机电动机","水利水电","工业可视化模型","1","2026-07-31","2026-08-03"
"2342","现代工业电箱","航运交通","工业可视化模型","1","2026-07-31","2026-08-03"
"2341","潜水泵","水利水电","工业可视化模型","1","2026-07-31","2026-08-03"
"2340","滤水沉淀池","水利水电","工业可视化模型","1","2026-07-31","2026-08-03"
"2339","混流式水轮机蜗壳","水利水电","工业可视化模型","1","2026-07-31","2026-08-03"
"2338","混流式水轮机","水利水电","工业可视化模型","1","2026-07-31","2026-08-03"
"2337","混凝土水坝结构","水利水电","工业可视化模型","1","2026-07-31","2026-08-03"
"2336","液压阀","水利水电","工业可视化模型","1","2026-07-31","2026-08-03"
"2335","液压起重机","航运交通","工业可视化模型","1","2026-07-31","2026-08-03"
"2334","法氏水轮机","水利水电","工业可视化模型","1","2026-07-31","2026-08-03"
"2333","沉淀池","水利水电","工业可视化模型","1","2026-07-31","2026-08-03"
"2332","污水泵防水距离传感器安装座","水利水电","工业可视化模型","1","2026-07-31","2026-08-03"
"2331","污水泵软管桩","水利水电","工业可视化模型","1","2026-07-31","2026-08-03"
"2330","污水泵开关支架","水利水电","工业可视化模型","1","2026-07-31","2026-08-03"
"2329","污水泵叶轮","水利水电","工业可视化模型","1","2026-07-31","2026-08-03"
"2328","污水泵KCM100HD","水利水电","工业可视化模型","1","2026-07-31","2026-08-03"
"2327","污水处理设备","水利水电","工业可视化模型","1","2026-07-31","2026-08-03"
"2326","水轮机总成","水利水电","工业可视化模型","1","2026-07-31","2026-08-03"
"2325","水电机泵","水利水电","工业可视化模型","1","2026-07-31","2026-08-03"
"2324","水泵站","水利水电","工业可视化模型","1","2026-07-31","2026-08-03"
"2323","HPP CLW_66_140","水利水电","工业可视化模型","1","2026-07-31","2026-08-03"
"2322","液压泵","矿山装备","工业可视化模型","1","2026-07-31","2026-08-03"
"2321","Lowara FHE65_165_110C 离心泵","水利水电","工业可视化模型","1","2026-07-31","2026-08-03"
"2320","Lowara FHE","水利水电","工业可视化模型","1","2026-07-31","2026-08-03"
"2319","水坝泄洪闸","水利水电","工业可视化模型","1","2026-07-31","2026-08-03"
"2318","液压站","矿山装备","工业可视化模型","1","2026-07-31","2026-08-03"
"2317","桥式起重机","矿山装备","工业可视化模型","1","2026-07-31","2026-08-03"
"2316","桥式起重机","航运交通","工业可视化模型","1","2026-07-31","2026-08-03"
"2315","桥式起重机","航运交通","工业可视化模型","1","2026-07-31","2026-08-03"
"2314","无锥形浮标","航运交通","工业可视化模型","1","2026-07-31","2026-08-03"
"2313","无刷直流水泵DC40H-1265","水利水电","工业可视化模型","1","2026-07-31","2026-08-03"
"2312","断路器","矿山装备","工业可视化模型","1","2026-07-31","2026-08-03"
"2311","救生艇","航运交通","工业可视化模型","1","2026-07-31","2026-08-03"
"2310","拖车牵引车","航运交通","工业可视化模型","1","2026-07-31","2026-08-03"
"2309","折臂起重机","航运交通","工业可视化模型","1","2026-07-31","2026-08-03"
"2308","抓斗桥式起重机","水利水电","工业可视化模型","1","2026-07-31","2026-08-03"
"2307","弧形闸门水电站大坝","水利水电","工业可视化模型","1","2026-07-31","2026-08-03"
"2306","弗朗西斯水轮机转轮","水利水电","工业可视化模型","1","2026-07-31","2026-08-03"
"2305","工厂供水泵站移动接入设备","水利水电","工业可视化模型","1","2026-07-31","2026-08-03"
"2304","工业污水处理设备","水利水电","工业可视化模型","1","2026-07-31","2026-08-03"
"2303","工业变压器","航运交通","工业可视化模型","1","2026-07-31","2026-08-03"
"2302","大坝水电站","水利水电","工业可视化模型","1","2026-07-31","2026-08-03"
"2301","塔式起重机","矿山装备","工业可视化模型","1","2026-07-31","2026-08-03"
"2300","塔式反应器","水利水电","工业可视化模型","1","2026-07-31","2026-08-03"
"2299","吊车起重机2","水利水电","工业可视化模型","1","2026-07-31","2026-08-03"
"2298","吊机起重机3","水利水电","工业可视化模型","1","2026-07-31","2026-08-03"
"2297","吊机机械","水利水电","工业可视化模型","1","2026-07-31","2026-08-03"
"2296","变压器装置","水利水电","工业可视化模型","1","2026-07-31","2026-08-03"
"2295","发电机","水利水电","工业可视化模型","1","2026-07-31","2026-08-03"
"2294","双驱电阻焊缝焊机 双输出减速机差速器","航运交通","工业可视化模型","1","2026-07-31","2026-08-03"
"2293","叉车","航运交通","工业可视化模型","1","2026-07-31","2026-08-03"
"2292","压缩机","水利水电","工业可视化模型","1","2026-07-31","2026-08-03"
"2291","厂房","航运交通","工业可视化模型","1","2026-07-31","2026-08-03"
"2290","列管式换热器","矿山装备","工业可视化模型","1","2026-07-31","2026-08-03"
"2289","冷却塔","航运交通","工业可视化模型","1","2026-07-31","2026-08-03"
"2288","冲击断路器","水利水电","工业可视化模型","1","2026-07-31","2026-08-03"
"2287","冲击式水轮机转轮","水利水电","工业可视化模型","1","2026-07-31","2026-08-03"
"2286","冲击式水轮机叶片","水利水电","工业可视化模型","1","2026-07-31","2026-08-03"
"2285","冲击式水轮机","水利水电","工业可视化模型","1","2026-07-31","2026-08-03"
"2284","储罐","水利水电","工业可视化模型","1","2026-07-31","2026-08-03"
"2283","万吨级排水作业货轮","航运交通","工业可视化模型","1","2026-07-31","2026-08-03"
"2282","机械臂","航运交通","工业可视化模型","1","2026-07-31","2026-08-03"
"2281","机械臂","航运交通","工业可视化模型","1","2026-07-31","2026-08-03"
"2280","机械臂","航运交通","工业可视化模型","1","2026-07-31","2026-08-03"
"2279","机械臂","矿山装备","工业可视化模型","1","2026-07-31","2026-08-03"
"2278","机械臂","水利水电","工业可视化模型","1","2026-07-31","2026-08-03"
"2277","机械臂","航运交通","工业可视化模型","1","2026-07-31","2026-08-03"
"2276","机械臂","矿山装备","工业可视化模型","1","2026-07-31","2026-08-03"
"2275","机械臂","矿山装备","工业可视化模型","1","2026-07-31","2026-08-03"
"2274","机械臂","水利水电","工业可视化模型","1","2026-07-31","2026-08-03"
"2273","机械臂","航运交通","工业可视化模型","1","2026-07-31","2026-08-03"
"2272","机械臂","水利水电","工业可视化模型","1","2026-07-31","2026-08-03"
"2271","机械臂","水利水电","工业可视化模型","1","2026-07-31","2026-08-03"
"2270","机械臂","航运交通","工业可视化模型","1","2026-07-31","2026-08-03"
"2269","机械臂","航运交通","工业可视化模型","1","2026-07-31","2026-08-03"
"2268","机械臂","航运交通","工业可视化模型","1","2026-07-31","2026-08-03"
"2267","机械臂","水利水电","工业可视化模型","1","2026-07-31","2026-08-03"
"2266","机械臂","水利水电","工业可视化模型","1","2026-07-31","2026-08-03"
"2265","机械臂","水利水电","工业可视化模型","1","2026-07-31","2026-08-03"
"2264","机械臂","矿山装备","工业可视化模型","1","2026-07-31","2026-08-03"
"2263","机械臂","水利水电","工业可视化模型","1","2026-07-31","2026-08-03"
"2262","机械臂","航运交通","工业可视化模型","1","2026-07-31","2026-08-03"
"2261","机械臂","水利水电","工业可视化模型","1","2026-07-31","2026-08-03"
"2260","WILO 水泵 WJ 202X","水利水电","工业可视化模型","1","2026-07-31","2026-08-03"
"2259","机械臂","航运交通","工业可视化模型","1","2026-07-31","2026-08-03"
"2258","MW发电机","水利水电","工业可视化模型","1","2026-07-31","2026-08-03"
"2257","MABD系列四轴五轴转台CNC数控分度盘","航运交通","工业可视化模型","1","2026-07-31","2026-08-03"
"2256","LQ型无极调速转子泵","水利水电","工业可视化模型","1","2026-07-31","2026-08-03"
"2255","Kitbash3D吊机起重机","水利水电","工业可视化模型","1","2026-07-31","2026-08-03"
"2254","JYN85型救生艇","航运交通","工业可视化模型","1","2026-07-31","2026-08-03"
"2253","ISW65-125管道离心泵","水利水电","工业可视化模型","1","2026-07-31","2026-08-03"
"2252","机械臂","水利水电","工业可视化模型","1","2026-07-31","2026-08-03"
"2251","机械臂","航运交通","工业可视化模型","1","2026-07-31","2026-08-03"
"2250","机械臂","矿山装备","工业可视化模型","1","2026-07-31","2026-08-03"
"2249","机械臂","水利水电","工业可视化模型","1","2026-07-31","2026-08-03"
"2248","机械臂","航运交通","工业可视化模型","1","2026-07-31","2026-08-03"
"2247","机械臂","水利水电","工业可视化模型","1","2026-07-31","2026-08-03"
"2246","机械臂","水利水电","工业可视化模型","1","2026-07-31","2026-08-03"
"2245","机械臂","矿山装备","工业可视化模型","1","2026-07-31","2026-08-03"
"2244","机械臂","水利水电","工业可视化模型","1","2026-07-31","2026-08-03"
"2243","机械臂","水利水电","工业可视化模型","1","2026-07-31","2026-08-03"
"2242","机械臂","矿山装备","工业可视化模型","1","2026-07-31","2026-08-03"
"2241","机械臂","水利水电","工业可视化模型","1","2026-07-31","2026-08-03"
"2240","机械臂","水利水电","工业可视化模型","1","2026-07-31","2026-08-03"
"2239","机械臂","水利水电","工业可视化模型","1","2026-07-31","2026-08-03"
"2238","机械臂","矿山装备","工业可视化模型","1","2026-07-31","2026-08-03"
"2237","机械臂","航运交通","工业可视化模型","1","2026-07-31","2026-08-03"
"2236","机械臂","航运交通","工业可视化模型","1","2026-07-31","2026-08-03"
"2235","机械臂","矿山装备","工业可视化模型","1","2026-07-31","2026-08-03"
"2234","机械臂","水利水电","工业可视化模型","1","2026-07-31","2026-08-03"
"2233","机械臂","矿山装备","工业可视化模型","1","2026-07-31","2026-08-03"
"2232","机械臂","水利水电","工业可视化模型","1","2026-07-31","2026-08-03"
"2231","HTB75-032-0.4KW中压透浦多段式鼓风机","水利水电","工业可视化模型","1","2026-07-31","2026-08-03"
"2230","DG-830-36-20KW高压鼓风机","矿山装备","工业可视化模型","1","2026-07-31","2026-08-03"
"2229","DG-830-26-13KW高压鼓风机","矿山装备","工业可视化模型","1","2026-07-31","2026-08-03"
"2228","DG-830-16-7.5KW高压鼓风机","矿山装备","工业可视化模型","1","2026-07-31","2026-08-03"
"2227","DG-800-26-7.5KW高压鼓风机","矿山装备","工业可视化模型","1","2026-07-31","2026-08-03"
"2226","DG-800-16-5.5KW高压鼓风机","矿山装备","工业可视化模型","1","2026-07-31","2026-08-03"
"2225","DG-640-46-7.5KW高压鼓风机","矿山装备","工业可视化模型","1","2026-07-31","2026-08-03"
"2224","DG-640-36-5.5KW高压鼓风机","水利水电","工业可视化模型","1","2026-07-31","2026-08-03"
"2223","DG-630-46-7.5KW高压鼓风机","矿山装备","工业可视化模型","1","2026-07-31","2026-08-03"
"2222","DG-630-36-5.5KW高压鼓风机","矿山装备","工业可视化模型","1","2026-07-31","2026-08-03"
"2221","DG-630-26-4KW高压鼓风机","水利水电","工业可视化模型","1","2026-07-31","2026-08-03"
"2220","DG-600-36-4KW高压鼓风机","矿山装备","工业可视化模型","1","2026-07-31","2026-08-03"
"2219","DG-600-26-3.4KW高压鼓风机","航运交通","工业可视化模型","1","2026-07-31","2026-08-03"
"2218","DG-600-16-2.2KW高压鼓风机","航运交通","工业可视化模型","1","2026-07-31","2026-08-03"
"2217","DG-400-46-2.2KW高压鼓风机","航运交通","工业可视化模型","1","2026-07-31","2026-08-03"
"2216","DG-400-36-1.75KW达纲高压鼓风机","矿山装备","工业可视化模型","1","2026-07-31","2026-08-03"
"2215","DG-400-26-1.3KW高压鼓风机","水利水电","工业可视化模型","1","2026-07-31","2026-08-03"
"2214","DG-400-16-0.9KW高压鼓风机","水利水电","工业可视化模型","1","2026-07-31","2026-08-03"
"2213","DG-330-26-2.2KW高压鼓风机","矿山装备","工业可视化模型","1","2026-07-31","2026-08-03"
"2212","DG-300-36-1.3KW高压鼓风机","水利水电","工业可视化模型","1","2026-07-31","2026-08-03"
"2211","DG-300-26-0.9KW高压鼓风机","航运交通","工业可视化模型","1","2026-07-31","2026-08-03"
"2210","DG-300-16-0.75KW高压鼓风机","水利水电","工业可视化模型","1","2026-07-31","2026-08-03"
"2209","DG-230-16-0.75KW高压鼓风机","矿山装备","工业可视化模型","1","2026-07-31","2026-08-03"
"2208","DG-100-16-0.18KW高压鼓风机","水利水电","工业可视化模型","1","2026-07-31","2026-08-03"
"2207","A.I.R.B.U.S水泵","水利水电","工业可视化模型","1","2026-07-31","2026-08-03"
"2206","机械臂","矿山装备","工业可视化模型","1","2026-07-31","2026-08-03"
"2205","机械臂","矿山装备","工业可视化模型","1","2026-07-31","2026-08-03"
"2204","机械臂","水利水电","工业可视化模型","1","2026-07-31","2026-08-03"
"2203","机械臂","水利水电","工业可视化模型","1","2026-07-31","2026-08-03"
"2202","机械臂","矿山装备","工业可视化模型","1","2026-07-31","2026-08-03"
"2201","044-轮船","航运交通","工业可视化模型","1","2026-07-31","2026-08-03"
"2200","039-轮船","航运交通","工业可视化模型","1","2026-07-31","2026-08-03"
"2199","036-轮船","航运交通","工业可视化模型","1","2026-07-31","2026-08-03"
"2198","035-轮船","航运交通","工业可视化模型","1","2026-07-31","2026-08-03"
"2197","033-轮船","航运交通","工业可视化模型","1","2026-07-31","2026-08-03"
"2196","032-轮船","航运交通","工业可视化模型","1","2026-07-31","2026-08-03"
"2195","031-轮船","航运交通","工业可视化模型","1","2026-07-31","2026-08-03"
"2194","030-轮船","航运交通","工业可视化模型","1","2026-07-31","2026-08-03"
"2193","029-轮船","航运交通","工业可视化模型","1","2026-07-31","2026-08-03"
"2192","027-轮船","航运交通","工业可视化模型","1","2026-07-31","2026-08-03"
"2191","026-轮船","航运交通","工业可视化模型","1","2026-07-31","2026-08-03"
"2190","024-轮船","航运交通","工业可视化模型","1","2026-07-31","2026-08-03"
"2189","023-轮船","航运交通","工业可视化模型","1","2026-07-31","2026-08-03"
"2188","022-轮船","航运交通","工业可视化模型","1","2026-07-31","2026-08-03"
"2187","021-轮船","航运交通","工业可视化模型","1","2026-07-31","2026-08-03"
"2186","017-轮船","航运交通","工业可视化模型","1","2026-07-31","2026-08-03"
"2185","016-轮船","航运交通","工业可视化模型","1","2026-07-31","2026-08-03"
"2184","015-轮船","航运交通","工业可视化模型","1","2026-07-31","2026-08-03"
"2183","010-轮船","航运交通","工业可视化模型","1","2026-07-31","2026-08-03"
"2182","008-轮船","航运交通","工业可视化模型","1","2026-07-31","2026-08-03"
"2181","007-轮船","航运交通","工业可视化模型","1","2026-07-31","2026-08-03"
"2180","006-轮船","航运交通","工业可视化模型","1","2026-07-31","2026-08-03"
"2179","004-轮船","航运交通","工业可视化模型","1","2026-07-31","2026-08-03"
"2178","003-轮船","航运交通","工业可视化模型","1","2026-07-31","2026-08-03"
"2177","002-轮船","航运交通","工业可视化模型","1","2026-07-31","2026-08-03"
"2176","0.25-0.75KW导轨式变频器","水利水电","工业可视化模型","1","2026-07-31","2026-08-03"
"2174","0.25-0.75KW导轨式变频器","水利水电","工业可视化模型","1","2026-07-31","2026-08-03"
